"#name,fg,bg,hl-fg,hl-bg,cur-fg,cur-bg,ansi-0,ansi-1,ansi-2,ansi-3,ansi-4,ansi-5,ansi-6,ansi-7,ansi-8,ansi-9,ansi-10,ansi-11,ansi-12,ansi-13,ansi-14,ansi-15"
0x96f,#fcfcfa,#262427,#262427,#fcfcfa,#262427,#fcfcfa,#262427,#ff7272,#bcdf59,#ffca58,#49cae4,#a093e2,#aee8f4,#fcfcfa,#545452,#ff8787,#c6e472,#ffd271,#64d2e8,#aea3e6,#baebf6,#fcfcfa
3024-day,#4a4543,#f7f7f7,#4a4543,#a5a2a2,#f7f7f7,#4a4543,#a5a2a2,#db2d20,#01a252,#fded02,#01a0e4,#a16a94,#b5e4f4,#090300,#f7f7f7,#e8bbd0,#3a3432,#4a4543,#807d7c,#d6d5d4,#cdab53,#5c5855
3024-night,#a5a2a2,#090300,#a5a2a2,#4a4543,#090300,#a5a2a2,#090300,#db2d20,#01a252,#fded02,#01a0e4,#a16a94,#b5e4f4,#a5a2a2,#5c5855,#e8bbd0,#3a3432,#4a4543,#807d7c,#d6d5d4,#cdab53,#f7f7f7
aardvark-blue,#dddddd,#102040,#000000,#bfdbfe,#000000,#007acc,#191919,#aa342e,#4b8c0f,#dbba00,#1370d3,#c43ac3,#008eb0,#bebebe,#454545,#f05b50,#95dc55,#ffe763,#60a4ec,#e26be2,#60b6cb,#f7f7f7
abernathy,#eeeeec,#111416,#333333,#eeeeec,#111416,#bbbbbb,#000000,#cd0000,#00cd00,#cdcd00,#1093f5,#cd00cd,#00cdcd,#faebd7,#404040,#ff0000,#00ff00,#ffff00,#11b5f6,#ff00ff,#00ffff,#ffffff
adventure,#feffff,#040404,#ffffff,#606060,#040404,#feffff,#040404,#d84a33,#5da602,#eebb6e,#417ab3,#e5c499,#bdcfe5,#dbded8,#685656,#d76b42,#99b52c,#ffb670,#97d7ef,#aa7900,#bdcfe5,#e4d5c7
adventuretime,#f8dcc0,#1f1d45,#f3d9c4,#706b4e,#1f1d45,#efbf38,#050404,#bd0013,#4ab118,#e7741e,#0f4ac6,#665993,#70a598,#f8dcc0,#4e7cbf,#fc5f5a,#9eff6e,#efc11a,#1997c6,#9b5953,#c8faf4,#f6f5fb
adwaita,#000000,#ffffff,#000000,#c0bfbc,#ffffff,#000000,#c0bfbc,#c01c28,#2ec27e,#f5c211,#1e78e4,#9841bb,#0ab9dc,#241f31,#f6f5f4,#ed333b,#57e389,#f8e45c,#51a1ff,#c061cb,#4fd2fd,#5e5c64
adwaita-dark,#ffffff,#1e1e1e,#5e5c64,#ffffff,#1e1e1e,#ffffff,#241f31,#c01c28,#2ec27e,#f5c211,#1e78e4,#9841bb,#0ab9dc,#c0bfbc,#5e5c64,#ed333b,#57e389,#f8e45c,#51a1ff,#c061cb,#4fd2fd,#f6f5f4
aeroroot,#dedeef,#1a1a1a,#1a1a1a,#dedeef,#1a1a1a,#9fd5f5,#1a1a1a,#ff3a3a,#3aef3a,#e6e61a,#1a7eff,#df3adf,#3ff0e0,#dadada,#5a5a5a,#ffaaaa,#aaf3aa,#f3f35a,#6abaff,#e5aae5,#aafff0,#f3f3f3
afterglow,#d0d0d0,#212121,#d0d0d0,#303030,#212121,#d0d0d0,#151515,#ac4142,#7e8e50,#e5b567,#6c99bb,#9f4e85,#7dd6cf,#d0d0d0,#505050,#ac4142,#7e8e50,#e5b567,#6c99bb,#9f4e85,#7dd6cf,#f5f5f5
alabaster,#000000,#f7f7f7,#000000,#bfdbfe,#000000,#007acc,#f7f7f7,#aa3731,#448c27,#cb9000,#325cc0,#7a3e9d,#0083b2,#000000,#f7f7f7,#f05050,#60cb00,#ffbc5d,#007acc,#e64ce6,#00aacb,#777777
alacritty,#d8d8d8,#181818,#181818,#d8d8d8,#181818,#56d8c9,#181818,#ac4242,#90a959,#f4bf75,#6a9fb5,#aa759f,#75b5aa,#d8d8d8,#6b6b6b,#c55555,#aac474,#feca88,#82b8c8,#c28cb8,#93d3c3,#f8f8f8
alienblood,#637d75,#0f1610,#73fa91,#1d4125,#0f1610,#73fa91,#112616,#7f2b27,#2f7e25,#717f24,#2f6a7f,#47587f,#327f77,#647d75,#3c4812,#e08009,#18e000,#bde000,#00aae0,#0058e0,#00e0c4,#73fa91
andromeda,#e5e5e5,#262a33,#ece7e7,#5a5c62,#262a33,#f8f8f0,#000000,#cd3131,#05bc79,#e5e512,#2472c8,#bc3fbc,#0fa8cd,#e5e5e5,#666666,#cd3131,#05bc79,#e5e512,#2472c8,#bc3fbc,#0fa8cd,#e5e5e5
apple,#ffffff,#1e1e1e,#ffffff,#3f638b,#1e1e1e,#98989d,#1a1a1a,#cc372e,#26a439,#cdac08,#0869cb,#9647bf,#479ec2,#98989d,#464646,#ff453a,#32d74b,#ffd60a,#0a84ff,#bf5af2,#76d6ff,#ffffff
apple-classic,#d5a200,#2c2b2b,#67e000,#6b5b02,#2c2b2b,#c7c7c7,#000000,#c91b00,#00c200,#c7c400,#0225c7,#ca30c7,#00c5c7,#c7c7c7,#686868,#ff6e67,#5ffa68,#fffc67,#6871ff,#ff77ff,#60fdff,#ffffff
apple-light,#000000,#feffff,#000000,#b4d7ff,#000000,#98989d,#98989d,#bc4437,#51a148,#c7ad3a,#2e68c5,#8c4bb8,#5e9cbe,#1a1a1a,#ffffff,#eb5545,#6bd45f,#f8d84a,#3b82f7,#b260ea,#8dd3fb,#464646
apprentice,#bcbcbc,#262626,#bcbcbc,#3a3e4e,#262626,#6c6c6c,#1c1c1c,#af5f5f,#5f875f,#87875f,#5f87af,#5f5f87,#5f8787,#6c6c6c,#444444,#ff8700,#87af87,#ffffaf,#87afd7,#8787af,#5fafaf,#ffffff
arcoiris,#eee4d9,#201f1e,#f3fffd,#25524a,#f3fffd,#7a1c1c,#333333,#da2700,#12c258,#ffc656,#518bfc,#e37bd9,#63fad5,#bab2b2,#777777,#ffb9b9,#e3f6aa,#ffddaa,#b3e8f3,#cbbaf9,#bcffc7,#efefef
argonaut,#fffaf4,#0e1019,#ffffff,#002a3b,#ffffff,#ff0018,#232323,#ff000f,#8ce10b,#ffb900,#008df8,#6d43a6,#00d8eb,#ffffff,#444444,#ff2740,#abe15b,#ffd242,#0092ff,#9a5feb,#67fff0,#ffffff
arthur,#ddeedd,#1c1c1c,#ffffff,#4d4d4d,#1c1c1c,#e2bbef,#3d352a,#cd5c5c,#86af80,#e8ae5b,#6495ed,#deb887,#b0c4de,#bbaa99,#554444,#cc5533,#88aa22,#ffa75d,#87ceeb,#996600,#b0c4de,#ddccbb
ateliersulphurpool,#979db4,#202746,#979db4,#5e6687,#202746,#979db4,#202746,#c94922,#ac9739,#c08b30,#3d8fd1,#6679cc,#22a2c9,#979db4,#6b7394,#c76b29,#293256,#5e6687,#898ea4,#dfe2f1,#9c637a,#f5f7ff
atom,#c5c8c6,#161719,#c5c8c6,#444444,#161719,#d0d0d0,#000000,#fd5ff1,#87c38a,#ffd7b1,#85befd,#b9b6fc,#85befd,#e0e0e0,#000000,#fd5ff1,#94fa36,#f5ffa8,#96cbfe,#b9b6fc,#85befd,#e0e0e0
atomonelight,#2a2c33,#f9f9f9,#2a2c33,#ededed,#2a2c33,#bbbbbb,#bbbbbb,#de3e35,#3f953a,#d2b67c,#2f5af3,#950095,#3f953a,#000000,#ffffff,#de3e35,#3f953a,#d2b67c,#2f5af3,#a00095,#3f953a,#000000
aura,#edecee,#15141b,#edecee,#a277ff,#15141b,#a277ff,#110f18,#ff6767,#61ffca,#ffca85,#a277ff,#a277ff,#61ffca,#edecee,#4d4d4d,#ffca85,#a277ff,#ffca85,#a277ff,#a277ff,#61ffca,#edecee
aurora,#ffca28,#23262e,#00e8c6,#292e38,#23262e,#ee5d43,#23262e,#f0266f,#8fd46d,#ffe66d,#0321d7,#ee5d43,#03d6b8,#c74ded,#292e38,#f92672,#8fd46d,#ffe66d,#03d6b8,#ee5d43,#03d6b8,#c74ded
ayu,#e6e1cf,#0f1419,#e6e1cf,#253340,#0f1419,#f29718,#000000,#ff3333,#b8cc52,#e7c547,#36a3d9,#f07178,#95e6cb,#ffffff,#323232,#ff6565,#eafe84,#fff779,#68d5ff,#ffa3aa,#c7fffd,#ffffff
ayu-light,#5c6773,#fafafa,#5c6773,#f0eee4,#fafafa,#ff6a00,#ffffff,#ff3333,#86b300,#f29718,#41a6d9,#f07178,#4dbf99,#000000,#ffffff,#ff6565,#b8e532,#ffc94a,#73d8ff,#ffa3aa,#7ff1cb,#323232
ayu-mirage,#cccac2,#242936,#242936,#cccac2,#ffcc66,#665a44,#242936,#f28779,#d5ff80,#ffd173,#73d0ff,#dfbfff,#5ccfe6,#cccac2,#5c6166,#f07171,#86b300,#f2ae49,#399ee6,#a37acc,#55b4d4,#fcfcfc
banana-blueberry,#cccccc,#191323,#f4f4f4,#220525,#191323,#e07d13,#17141f,#ff6b7f,#00bd9c,#e6c62f,#22e8df,#dc396a,#56b6c2,#f1f1f1,#495162,#fe9ea1,#98c379,#f9e46b,#91fff4,#da70d6,#bcf3ff,#ffffff
batman,#6f6f6f,#1b1d1e,#f0e04a,#4d504c,#1b1d1e,#fcef0c,#1b1d1e,#e6dc44,#c8be46,#f4fd22,#737174,#747271,#62605f,#c6c5bf,#505354,#fff78e,#fff27d,#feed6c,#919495,#9a9a9d,#a3a3a6,#dadbd6
belafonte-day,#45373c,#d5ccba,#45373c,#968c83,#d5ccba,#45373c,#968c83,#be100e,#858162,#eaa549,#426a79,#97522c,#989a9c,#20111b,#d5ccba,#be100e,#858162,#eaa549,#426a79,#97522c,#989a9c,#5e5252
belafonte-night,#968c83,#20111b,#968c83,#45373c,#20111b,#968c83,#20111b,#be100e,#858162,#eaa549,#426a79,#97522c,#989a9c,#968c83,#5e5252,#be100e,#858162,#eaa549,#426a79,#97522c,#989a9c,#d5ccba
birdsofparadise,#e0dbb7,#2a1f1d,#e0dbbb,#563c27,#e0dbbb,#573d26,#573d26,#be2d26,#6ba18a,#e99d2a,#5a86ad,#ac80a6,#74a6ad,#e0dbb7,#9b6c4a,#e84627,#95d8ba,#d0d150,#b8d3ed,#d19ecb,#93cfd7,#fff9d5
blazer,#d9e6f2,#0d1926,#000000,#c1ddff,#000000,#d9e6f2,#000000,#b87a7a,#7ab87a,#b8b87a,#7a7ab8,#b87ab8,#7ab8b8,#d9d9d9,#262626,#dbbdbd,#bddbbd,#dbdbbd,#bdbddb,#dbbddb,#bddbdb,#ffffff
blue-matrix,#00a2ff,#101116,#000000,#c1deff,#000000,#76ff9f,#101116,#ff5680,#00ff9c,#fffc58,#00b0ff,#d57bff,#76c1ff,#c7c7c7,#686868,#ff6e67,#5ffa68,#fffc67,#6871ff,#d682ec,#60fdff,#ffffff
blueberrypie,#babab9,#1c0c28,#ffffff,#606060,#1c0c28,#fcfad6,#0a4c62,#99246e,#5cb1b3,#eab9a8,#90a5bd,#9d54a7,#7e83cc,#f0e8d6,#201637,#c87272,#0a6c7e,#7a3188,#39173d,#bc94b7,#5e6071,#0a6c7e
bluedolphin,#c5f2ff,#006984,#eceff1,#2baeca,#006984,#ffcc00,#292d3e,#ff8288,#b4e88d,#f4d69f,#82aaff,#e9c1ff,#89ebff,#d0d0d0,#434758,#ff8b92,#ddffa7,#ffe585,#9cc4ff,#ddb0f6,#a3f7ff,#ffffff
blulocodark,#b9c0cb,#282c34,#272b33,#b9c0ca,#272b33,#ffcc00,#41444d,#fc2f52,#25a45c,#ff936a,#3476ff,#7a82da,#4483aa,#cdd4e0,#8f9aae,#ff6480,#3fc56b,#f9c859,#10b1fe,#ff78f8,#5fb9bc,#ffffff
blulocolight,#373a41,#f9f9f9,#373a41,#daf0ff,#f9f9f9,#f32759,#babbc2,#d52753,#23974a,#df631c,#275fe4,#823ff1,#27618d,#373a41,#d3d3d3,#ff6480,#3cbc66,#c5a332,#0099e1,#ce33c0,#6d93bb,#676a77
borland,#ffff4e,#0000a4,#0000a4,#a4a4a4,#0000a4,#ffa560,#4f4f4f,#ff6c60,#a8ff60,#ffffb6,#96cbfe,#ff73fd,#c6c5fe,#eeeeee,#7c7c7c,#ffb6b0,#ceffac,#ffffcc,#b5dcff,#ff9cfe,#dfdffe,#ffffff
breeze,#eff0f1,#31363b,#31363b,#eff0f1,#31363b,#eff0f1,#31363b,#ed1515,#11d116,#f67400,#1d99f3,#9b59b6,#1abc9c,#eff0f1,#7f8c8d,#c0392b,#1cdc9a,#fdbc4b,#3daee9,#8e44ad,#16a085,#fcfcfc
bright-lights,#b3c9d7,#191919,#191919,#b3c9d7,#191919,#f34b00,#191919,#ff355b,#b7e876,#ffc251,#76d4ff,#ba76e7,#6cbfb5,#c2c8d7,#191919,#ff355b,#b7e876,#ffc251,#76d5ff,#ba76e7,#6cbfb5,#c2c8d7
broadcast,#e6e1dc,#2b2b2b,#e6e1dc,#5a647e,#2b2b2b,#ffffff,#000000,#da4939,#519f50,#ffd24a,#6d9cbe,#d0d0ff,#6e9cbe,#ffffff,#323232,#ff7b6b,#83d182,#ffff7c,#9fcef0,#ffffff,#a0cef0,#ffffff
brogrammer,#d6dbe5,#131313,#d6dbe5,#1f1f1f,#131313,#b9b9b9,#1f1f1f,#f81118,#2dc55e,#ecba0f,#2a84d2,#4e5ab7,#1081d6,#d6dbe5,#d6dbe5,#de352e,#1dd361,#f3bd09,#1081d6,#5350b9,#0f7ddb,#ffffff
builtin-dark,#bbbbbb,#000000,#000000,#b5d5ff,#000000,#bbbbbb,#000000,#bb0000,#00bb00,#bbbb00,#0000bb,#bb00bb,#00bbbb,#bbbbbb,#555555,#ff5555,#55ff55,#ffff55,#5555ff,#ff55ff,#55ffff,#ffffff
builtin-light,#000000,#ffffff,#000000,#b5d5ff,#ffffff,#000000,#bbbbbb,#bb0000,#00bb00,#bbbb00,#0000bb,#bb00bb,#00bbbb,#000000,#ffffff,#ff5555,#55ff55,#ffff55,#5555ff,#ff55ff,#55ffff,#555555
builtin-pastel-dark,#bbbbbb,#000000,#f2f2f2,#363983,#000000,#ffa560,#4f4f4f,#ff6c60,#a8ff60,#ffffb6,#96cbfe,#ff73fd,#c6c5fe,#eeeeee,#7c7c7c,#ffb6b0,#ceffac,#ffffcc,#b5dcff,#ff9cfe,#dfdffe,#ffffff
builtin-solarized-dark,#839496,#002b36,#93a1a1,#073642,#002b36,#839496,#073642,#dc322f,#859900,#b58900,#268bd2,#d33682,#2aa198,#eee8d5,#002b36,#cb4b16,#586e75,#657b83,#839496,#6c71c4,#93a1a1,#fdf6e3
builtin-solarized-light,#657b83,#fdf6e3,#586e75,#eee8d5,#fdf6e3,#657b83,#eee8d5,#dc322f,#859900,#b58900,#268bd2,#d33682,#2aa198,#073642,#fdf6e3,#cb4b16,#586e75,#657b83,#839496,#6c71c4,#93a1a1,#002b36
builtin-tango-dark,#ffffff,#000000,#000000,#b5d5ff,#000000,#ffffff,#000000,#cc0000,#4e9a06,#c4a000,#3465a4,#75507b,#06989a,#d3d7cf,#555753,#ef2929,#8ae234,#fce94f,#729fcf,#ad7fa8,#34e2e2,#eeeeec
builtin-tango-light,#000000,#ffffff,#000000,#b5d5ff,#ffffff,#000000,#d3d7cf,#cc0000,#4e9a06,#c4a000,#3465a4,#75507b,#06989a,#000000,#eeeeec,#ef2929,#8ae234,#fce94f,#729fcf,#ad7fa8,#34e2e2,#555753
c64,#7869c4,#40318d,#40318d,#7869c4,#40318d,#7869c4,#090300,#883932,#55a049,#bfce72,#40318d,#8b3f96,#67b6bd,#ffffff,#000000,#883932,#55a049,#bfce72,#40318d,#8b3f96,#67b6bd,#f7f7f7
calamity,#d5ced9,#2f2833,#d5ced9,#7e6c88,#2f2833,#d5ced9,#2f2833,#fc644d,#a5f69c,#e9d7a5,#3b79c7,#f92672,#74d3de,#d5ced9,#7e6c88,#fc644d,#a5f69c,#e9d7a5,#3b79c7,#f92672,#74d3de,#ffffff
carbonfox,#f2f4f8,#161616,#f2f4f8,#2a2a2a,#161616,#f2f4f8,#282828,#ee5396,#25be6a,#08bdba,#78a9ff,#be95ff,#33b1ff,#dfdfe0,#484848,#f16da6,#46c880,#2dc7c4,#8cb6ff,#c8a5ff,#52bdff,#e4e4e5
catppuccin-frappe,#c6d0f5,#303446,#c6d0f5,#4f5369,#4f5369,#c6d0f5,#51576d,#e78284,#a6d189,#e5c890,#8caaee,#f4b8e4,#81c8be,#b5bfe2,#626880,#e78284,#a6d189,#e5c890,#8caaee,#f4b8e4,#81c8be,#a5adce
catppuccin-latte,#4c4f69,#eff1f5,#4c4f69,#ccced7,#ccced7,#4c4f69,#acb0be,#d20f39,#40a02b,#df8e1d,#1e66f5,#ea76cb,#179299,#5c5f77,#bcc0cc,#d20f39,#40a02b,#df8e1d,#1e66f5,#ea76cb,#179299,#6c6f85
catppuccin-macchiato,#cad3f5,#24273a,#cad3f5,#454a5f,#454a5f,#cad3f5,#494d64,#ed8796,#a6da95,#eed49f,#8aadf4,#f5bde6,#8bd5ca,#b8c0e0,#5b6078,#ed8796,#a6da95,#eed49f,#8aadf4,#f5bde6,#8bd5ca,#a5adcb
catppuccin-mocha,#cdd6f4,#1e1e2e,#cdd6f4,#414356,#414356,#cdd6f4,#45475a,#f38ba8,#a6e3a1,#f9e2af,#89b4fa,#f5c2e7,#94e2d5,#bac2de,#585b70,#f38ba8,#a6e3a1,#f9e2af,#89b4fa,#f5c2e7,#94e2d5,#a6adc8
cga,#aaaaaa,#000000,#000000,#c1deff,#000000,#b8b8b8,#000000,#aa0000,#00aa00,#aa5500,#0000aa,#aa00aa,#00aaaa,#aaaaaa,#555555,#ff5555,#55ff55,#ffff55,#5555ff,#ff55ff,#55ffff,#ffffff
chalk,#d2d8d9,#2b2d2e,#3f4041,#e4e8ed,#2b2d2e,#708284,#7d8b8f,#b23a52,#789b6a,#b9ac4a,#2a7fac,#bd4f5a,#44a799,#d2d8d9,#888888,#f24840,#80c470,#ffeb62,#4196ff,#fc5275,#53cdbd,#d2d8d9
chalkboard,#d9e6f2,#29262f,#ffffff,#073642,#29262f,#d9e6f2,#000000,#c37372,#72c373,#c2c372,#7372c3,#c372c2,#72c2c3,#d9d9d9,#323232,#dbaaaa,#aadbaa,#dadbaa,#aaaadb,#dbaada,#aadadb,#ffffff
challengerdeep,#cbe1e7,#1e1c31,#1e1c31,#cbe1e7,#1e1c31,#fbfcfc,#141228,#ff5458,#62d196,#ffb378,#65b2ff,#906cff,#63f2f1,#a6b3cc,#565575,#ff8080,#95ffa4,#ffe9aa,#91ddff,#c991e1,#aaffe4,#cbe3e7
chester,#ffffff,#2c3643,#ffffff,#67747c,#2c3643,#b4b1b1,#080200,#fa5e5b,#16c98d,#ffc83f,#288ad6,#d34590,#28ddde,#e7e7e7,#6f6b68,#fa5e5b,#16c98d,#feef6d,#278ad6,#d34590,#27dede,#ffffff
chiba-dark,#cdcdcd,#181818,#181818,#cdcdcd,#181818,#cdcdcd,#181818,#ff8599,#00c545,#de9d00,#00b4ff,#fd71f8,#00bfae,#cdcdcd,#262626,#ff9eb2,#19de5e,#f7b619,#19cdff,#ff8aff,#19d8c7,#dadada
ciapre,#aea47a,#191c27,#aea47f,#172539,#191c27,#92805b,#181818,#810009,#48513b,#cc8b3f,#576d8c,#724d7c,#5c4f4b,#aea47f,#555555,#ac3835,#a6a75d,#dcdf7c,#3097c6,#d33061,#f3dbb2,#f4f4f4
citruszest,#bfbfbf,#121212,#f4f4f4,#ff8c00,#121212,#666666,#404040,#ff5454,#00cc7a,#ffd400,#00bfff,#ff90fe,#48d1cc,#bfbfbf,#808080,#ff1a75,#1affa3,#ffff00,#33cfff,#ffb2fe,#00fff2,#f9f9f9
clrs,#262626,#ffffff,#041730,#6fd3fc,#041730,#6fd3fc,#b3b3b3,#f8282a,#328a5d,#fa701d,#135cd0,#9f00bd,#33c3c1,#000000,#eeeeec,#fb0416,#2cc631,#fdd727,#1670ff,#e900b0,#3ad5ce,#555753
cobalt-neon,#8ff586,#142838,#8ff586,#094fb1,#8ff586,#c4206f,#142631,#ff2320,#3ba5ff,#e9e75c,#8ff586,#781aa0,#8ff586,#ba46b2,#8ff586,#d4312e,#8ff586,#e9f06d,#3c7dd2,#8230a7,#6cbc67,#fff688
cobalt2,#ffffff,#132738,#b5b5b5,#18354f,#132738,#f0cc09,#000000,#ff0000,#38de21,#ffe50a,#1460d2,#ff005d,#00bbbb,#bbbbbb,#555555,#f40e17,#3bd01d,#edc809,#5555ff,#ff55ff,#6ae3fa,#ffffff
cobaltnext,#d8dee9,#1b2b34,#ffffff,#4f5b66,#1b2b34,#fac863,#000000,#ed5f7d,#99c794,#fac863,#5a9bcf,#c5a5c5,#5fb3b3,#d8dee9,#65737e,#d6838c,#c1dcbe,#ffde9b,#8abee7,#edcded,#9be2e2,#ffffff
cobaltnext-dark,#d8dee9,#0f1c23,#ffffff,#5fb3b3,#0f1c23,#fac863,#282f36,#e6576a,#99c794,#fac863,#5a9bcf,#c5a5c5,#5fb3b3,#d8dee9,#65737e,#d6838c,#c1dcbe,#ffde9b,#8abee7,#edcded,#9be2e2,#ffffff
cobaltnext-minimal,#d8dee9,#0f1c23,#ffffff,#5fb3b3,#0f1c23,#5fb3b3,#343d46,#ed6f7d,#99c794,#fac863,#5a9bcf,#c5a5c5,#5fb3b3,#d8dee9,#65737e,#d6838c,#c1dcbe,#ffde9b,#8abee7,#edcded,#9be2e2,#ffffff
coffee-theme,#000000,#f5deb3,#000000,#c1deff,#000000,#c7c7c7,#c7c7c7,#c91b00,#00c200,#c7c400,#0225c7,#ca30c7,#00c5c7,#000000,#ffffff,#ff6e67,#5ffa68,#fffc67,#6871ff,#ff77ff,#60fdff,#686868
crayonponyfish,#68525a,#150707,#69525a,#2b1b1d,#150707,#68525a,#2b1b1d,#91002b,#579524,#ab311b,#8c87b0,#692f50,#e8a866,#68525a,#3d2b2e,#c5255d,#8dff57,#c8381d,#cfc9ff,#fc6cba,#ffceaf,#b0949d
cutiepro,#d5d0c9,#181818,#d5d0c9,#363636,#181818,#efc4cd,#000000,#f56e7f,#bec975,#f58669,#42d9c5,#d286b7,#37cb8a,#d5c3c3,#88847f,#e5a1a3,#e8d6a7,#f1bb79,#80c5de,#b294bb,#9dccbb,#ffffff
cyberdyne,#00ff92,#151144,#f4f4f4,#454d96,#151144,#00ff9c,#080808,#ff8373,#00c172,#d2a700,#0071cf,#ff90fe,#6bffdd,#f1f1f1,#2e2e2e,#ffc4be,#d6fcba,#fffed5,#c2e3ff,#ffb2fe,#e6e7fe,#ffffff
cyberpunk,#e5e5e5,#332a57,#000000,#c1deff,#000000,#21f6bc,#000000,#ff7092,#00fbac,#fffa6a,#00bfff,#df95ff,#86cbfe,#ffffff,#000000,#ff8aa4,#21f6bc,#fff787,#1bccfd,#e6aefe,#99d6fc,#ffffff
cyberpunkscarletprotocol,#d13554,#101116,#000000,#c7ddfc,#000000,#9bfca8,#101116,#ea3356,#64d98c,#faf968,#306fb1,#ba3ec1,#59c2c6,#c7c7c7,#686868,#ed776d,#8df77a,#fefc7f,#6a71f6,#ae40e4,#8efafd,#ffffff
dark-modern,#cccccc,#1f1f1f,#e0e0e0,#3a3d41,#1f1f1f,#ffffff,#272727,#f74949,#2ea043,#9e6a03,#0078d4,#d01273,#1db4d6,#cccccc,#5d5d5d,#dc5452,#23d18b,#f5f543,#3b8eea,#d670d6,#29b8db,#e5e5e5
dark-pastel,#ffffff,#000000,#000000,#b5d5ff,#000000,#bbbbbb,#000000,#ff5555,#55ff55,#ffff55,#5555ff,#ff55ff,#55ffff,#bbbbbb,#555555,#ff5555,#55ff55,#ffff55,#5555ff,#ff55ff,#55ffff,#ffffff
dark-plus,#cccccc,#1e1e1e,#e0e0e0,#3a3d41,#1e1e1e,#ffffff,#000000,#cd3131,#0dbc79,#e5e510,#2472c8,#bc3fbc,#11a8cd,#e5e5e5,#666666,#f14c4c,#23d18b,#f5f543,#3b8eea,#d670d6,#29b8db,#e5e5e5
darkermatrix,#28380d,#070c0e,#00ff87,#0f191c,#00ff87,#373a26,#091013,#002e18,#6fa64c,#595900,#00cb6b,#412a4d,#125459,#002e19,#00381e,#00381d,#90d762,#e2e500,#00ff87,#412a4d,#176c73,#333333
darkmatrix,#3e5715,#070c0e,#00ff87,#0f191c,#070c0e,#9fa86e,#091013,#006536,#6fa64c,#7e8000,#2c9a84,#452d53,#114d53,#006536,#333333,#00733d,#90d762,#e2e500,#46d8b8,#4a3059,#12545a,#006536
darkside,#bababa,#222324,#bababa,#303333,#222324,#bbbbbb,#000000,#e8341c,#68c256,#f2d42c,#1c98e8,#8e69c9,#1c98e8,#bababa,#000000,#e05a4f,#77b869,#efd64b,#387cd3,#957bbe,#3d97e2,#bababa
dawnfox,#575279,#faf4ed,#575279,#d0d8d8,#faf4ed,#575279,#e5e9f0,#b4637a,#618774,#ea9d34,#286983,#907aa9,#56949f,#575279,#e6ebf3,#c26d85,#629f81,#eea846,#2d81a3,#9a80b9,#5ca7b4,#5f5695
dayfox,#3d2b5a,#f6f2ee,#3d2b5a,#e7d2be,#f6f2ee,#3d2b5a,#f2e9e1,#a5222f,#396847,#ac5402,#2848a9,#6e33ce,#287980,#352c24,#f4ece6,#b3434e,#577f63,#b86e28,#4863b6,#8452d5,#488d93,#534c45
deep,#cdcdcd,#090909,#ececec,#780002,#090909,#d0d0d0,#000000,#d70005,#1cd915,#d9bd26,#5665ff,#b052da,#50d2da,#e0e0e0,#535353,#fb0007,#22ff18,#fedc2b,#9fa9ff,#e09aff,#8df9ff,#ffffff
derp,#ffffff,#000000,#000000,#ffffff,#000000,#ffffff,#111111,#d36265,#aece91,#e7e18c,#5297cf,#963c59,#5e7175,#bebebe,#666666,#ef8171,#cfefb3,#fff796,#74b8ef,#b85e7b,#a3babf,#ffffff
desert,#ffffff,#333333,#000000,#b5d5ff,#000000,#00ff00,#4d4d4d,#ff2b2b,#98fb98,#f0e68c,#cd853f,#ffdead,#ffa0a0,#f5deb3,#555555,#ff5555,#55ff55,#ffff55,#87ceff,#ff55ff,#ffd700,#ffffff
detuned,#c7c7c7,#000000,#000000,#c7ddfc,#000000,#c7c7c7,#171717,#ea5386,#b3e153,#e4da81,#4192d3,#8f3ef6,#6cb4d5,#c7c7c7,#686868,#ea86ac,#c5e280,#fdf38f,#55bbf9,#b9a0f9,#7fd4fb,#ffffff
deus,#eaeaea,#2c323b,#2c323b,#eaeaea,#2c323b,#eaeaea,#242a32,#d54e53,#98c379,#e5c07b,#83a598,#c678dd,#70c0ba,#eaeaea,#666666,#ec3e45,#90c966,#edbf69,#73ba9f,#c858e9,#2bcec2,#ffffff
dimidium,#bab7b6,#141414,#141414,#8db8e5,#141414,#37e57b,#000000,#cf494c,#60b442,#db9c11,#0575d8,#af5ed2,#1db6bb,#bab7b6,#817e7e,#ff643b,#37e57b,#fccd1a,#688dfd,#ed6fe9,#32e0fb,#d3d8d9
dimmedmonokai,#b9bcba,#1f1f1f,#b9bcba,#2a2d32,#1f1f1f,#f83e19,#3a3d43,#be3f48,#879a3b,#c5a635,#4f76a1,#855c8d,#578fa4,#b9bcba,#888987,#fb001f,#0f722f,#c47033,#186de3,#fb0067,#2e706d,#fdffb9
django,#f8f8f8,#0b2f20,#f8f8f8,#245032,#f8f8f8,#336442,#000000,#fd6209,#41a83e,#ffe862,#245032,#f8f8f8,#9df39f,#ffffff,#323232,#ff943b,#73da70,#ffff94,#568264,#ffffff,#cfffd1,#ffffff
djangorebornagain,#dadedc,#051f14,#dadedc,#203727,#051f14,#ffcc00,#000000,#fd6209,#41a83e,#ffe862,#245032,#f8f8f8,#9df39f,#ffffff,#323232,#ff943b,#73da70,#ffff94,#568264,#ffffff,#cfffd1,#ffffff
djangosmooth,#f8f8f8,#245032,#f8f8f8,#336442,#f8f8f8,#336442,#000000,#fd6209,#41a83e,#ffe862,#989898,#f8f8f8,#9df39f,#e8e8e7,#323232,#ff943b,#73da70,#ffff94,#cacaca,#ffffff,#cfffd1,#ffffff
doom-peacock,#ede0ce,#2b2a27,#ffffff,#a60033,#2b2a27,#9c9c9d,#1c1f24,#cb4b16,#26a6a6,#bcd42a,#2a6cc6,#a9a1e1,#5699af,#ede0ce,#2b2a27,#ff5d38,#98be65,#e6f972,#51afef,#c678dd,#46d9ff,#dfdfdf
doomone,#bbc2cf,#282c34,#bbc2cf,#42444b,#282c34,#51afef,#000000,#ff6c6b,#98be65,#ecbe7b,#a9a1e1,#c678dd,#51afef,#bbc2cf,#000000,#ff6655,#99bb66,#ecbe7b,#a9a1e1,#c678dd,#51afef,#bfbfbf
dotgov,#ebebeb,#262c35,#ffffff,#1a4080,#ffffff,#d9002f,#191919,#bf091d,#3d9751,#f6bb34,#17b2e0,#7830b0,#8bd2ed,#ffffff,#191919,#bf091d,#3d9751,#f6bb34,#17b2e0,#7830b0,#8bd2ed,#ffffff
dracula,#f8f8f2,#282a36,#282a36,#f8f8f2,#282a36,#f8f8f2,#000000,#ff5555,#50fa7b,#f1fa8c,#bd93f9,#ff79c6,#8be9fd,#bfbfbf,#4d4d4d,#ff6e67,#5af78e,#f4f99d,#caa9fa,#ff92d0,#9aedfe,#e6e6e6
dracula-iterm,#f8f8f2,#1e1f29,#1e1f29,#f8f8f2,#ffffff,#bbbbbb,#000000,#ff5555,#50fa7b,#f1fa8c,#bd93f9,#ff79c6,#8be9fd,#bbbbbb,#555555,#ff5555,#50fa7b,#f1fa8c,#bd93f9,#ff79c6,#8be9fd,#ffffff
dracula-plus,#f8f8f2,#212121,#545454,#f8f8f2,#212121,#eceff4,#21222c,#ff5555,#50fa7b,#ffcb6b,#82aaff,#c792ea,#8be9fd,#f8f8f2,#545454,#ff6e6e,#69ff94,#ffcb6b,#d6acff,#ff92df,#a4ffff,#f8f8f2
duckbones,#ebefc0,#0e101a,#ebefc0,#37382d,#0e101a,#edf2c2,#0e101a,#e03600,#5dcd97,#e39500,#00a3cb,#795ccc,#00a3cb,#ebefc0,#2b2f46,#ff4821,#58db9e,#f6a100,#00b4e0,#b3a1e6,#00b4e0,#b3b692
duotone-dark,#b7a1ff,#1f1d27,#b7a2ff,#353147,#1f1d27,#ff9839,#1f1d27,#d9393e,#2dcd73,#d9b76e,#ffc284,#de8d40,#2488ff,#b7a1ff,#353147,#d9393e,#2dcd73,#d9b76e,#ffc284,#de8d40,#2488ff,#eae5ff
duskfox,#e0def4,#232136,#e0def4,#433c59,#232136,#e0def4,#393552,#eb6f92,#a3be8c,#f6c177,#569fba,#c4a7e7,#9ccfd8,#e0def4,#47407d,#f083a2,#b1d196,#f9cb8c,#65b1cd,#ccb1ed,#a6dae3,#e2e0f7
earthsong,#e5c7a9,#292520,#e5c7a9,#121418,#292520,#f6f7ec,#121418,#c94234,#85c54c,#f5ae2e,#1398b9,#d0633d,#509552,#e5c6aa,#675f54,#ff645a,#98e036,#e0d561,#5fdaff,#ff9269,#84f088,#f6f7ec
electron-highlighter,#a8b5d1,#24283b,#a8b5d1,#283457,#24283b,#a8b5d1,#15161e,#f7768e,#58ffc7,#ffd9af,#82aaff,#d2a6ef,#57f9ff,#7c8eac,#506686,#f7768e,#58ffc7,#ffd9af,#82aaff,#d2a6ef,#57f9ff,#c5cee0
electrophoretic,#000000,#ffffff,#ffffff,#000000,#ffffff,#515151,#ffffff,#515151,#313131,#111111,#616161,#414141,#212121,#000000,#818181,#616161,#414141,#212121,#717171,#515151,#313131,#111111
elegant,#cfd2d6,#292b31,#224281,#d5d5d5,#292b31,#55bbf9,#0c1221,#ea335b,#95ca9a,#f7cd94,#93aadd,#bf94e5,#8ccaec,#ffffff,#575656,#ea335b,#95ca9a,#f7cd94,#93aadd,#bf94e5,#5faae9,#ffffff
elemental,#807a74,#22211d,#facd77,#413829,#22211d,#facb80,#3c3c30,#98290f,#479a43,#7f7111,#497f7d,#7f4e2f,#387f58,#807974,#555445,#e0502a,#61e070,#d69927,#79d9d9,#cd7c54,#59d599,#fff1e9
elementary,#efefef,#181818,#000000,#b5d5ff,#000000,#bbbbbb,#242424,#d71c15,#5aa513,#fdb40c,#063b8c,#e40038,#2595e1,#efefef,#8c00ec,#fc1c18,#6bc219,#fec80e,#0955ff,#fb0050,#3ea8fc,#4b4b4b
embers-dark,#a39a90,#16130f,#a39a90,#433b32,#16130f,#a39a90,#16130f,#826d57,#57826d,#6d8257,#6d5782,#82576d,#576d82,#a39a90,#5a5047,#828257,#2c2620,#433b32,#8a8075,#beb6ae,#825757,#dbd6d1
encom,#00a595,#000000,#3de1c9,#00a48c,#000000,#bbbbbb,#000000,#9f0000,#008b00,#ffd000,#0081ff,#bc00ca,#008b8b,#bbbbbb,#555555,#ff0000,#00ee00,#ffff00,#0000ff,#ff00ff,#00cdcd,#ffffff
espresso,#ffffff,#323232,#ffffff,#5b5b5b,#323232,#d6d6d6,#353535,#d25252,#a5c261,#ffc66d,#6c99bb,#d197d9,#bed6ff,#eeeeec,#535353,#f00c0c,#c2e075,#e1e48b,#8ab7d9,#efb5f7,#dcf4ff,#ffffff
espresso-libre,#b8a898,#2a211c,#b8a898,#c3dcff,#2a211c,#ffffff,#000000,#cc0000,#1a921c,#f0e53a,#0066ff,#c5656b,#06989a,#d3d7cf,#555753,#ef2929,#9aff87,#fffb5c,#43a8ed,#ff818a,#34e2e2,#eeeeec
everblush,#dadada,#141b1e,#dadada,#141b1e,#141b1e,#dadada,#232a2d,#e57474,#8ccf7e,#e5c76b,#67b0e8,#c47fd5,#6cbfbf,#b3b9b8,#2d3437,#ef7e7e,#96d988,#f4d67a,#71baf2,#ce89df,#67cbe7,#bdc3c2
everforest-dark-hard,#d3c6aa,#1e2326,#d3c6aa,#4c3743,#1e2326,#e69875,#7a8478,#e67e80,#a7c080,#dbbc7f,#7fbbb3,#d699b6,#83c092,#f2efdf,#a6b0a0,#f85552,#8da101,#dfa000,#3a94c5,#df69ba,#35a77c,#fffbef
fahrenheit,#ffffce,#000000,#ffffce,#4e739f,#000000,#bbbbbb,#1d1d1d,#cda074,#9e744d,#fecf75,#720102,#734c4d,#979797,#ffffce,#000000,#fecea0,#cc734d,#fd9f4d,#cb4a05,#4e739f,#fed04d,#ffffff
fairyfloss,#f8f8f2,#5a5475,#f6e1ce,#8077a8,#5a5475,#f8f8f0,#040303,#f92672,#c2ffdf,#e6c000,#c2ffdf,#ffb8d1,#c5a3ff,#f8f8f0,#6090cb,#ff857f,#c2ffdf,#ffea00,#c2ffdf,#ffb8d1,#c5a3ff,#f8f8f0
farmhouse-dark,#e8e4e1,#1d2027,#b3b1aa,#4d5658,#1d2027,#006efe,#1d2027,#ba0004,#549d00,#c87300,#0049e6,#9f1b61,#1fb65c,#e8e4e1,#394047,#eb0009,#7ac100,#ea9a00,#006efe,#bf3b7f,#19e062,#f4eef0
farmhouse-light,#1d2027,#e8e4e1,#4d5658,#b3b1aa,#e8e4e1,#006efe,#e8e4e1,#8d0003,#3a7d00,#a95600,#092ccd,#820046,#229256,#1d2027,#f4eef0,#eb0009,#7ac100,#ea9a00,#006efe,#bf3b7f,#19e062,#394047
fideloper,#dbdae0,#292f33,#ffffff,#efb8ac,#292f33,#d4605a,#292f33,#cb1e2d,#edb8ac,#b7ab9b,#2e78c2,#c0236f,#309186,#eae3ce,#092028,#d4605a,#d4605a,#a86671,#7c85c4,#5c5db2,#819090,#fcf4df
firefly-traditional,#f5f5f5,#000000,#000000,#cfeac6,#000000,#00f900,#000000,#c23720,#33bc26,#afad24,#5a63ff,#d53ad2,#33bbc7,#cccccc,#828282,#ff3b1e,#2ee720,#ecec16,#838dff,#ff5cfe,#29f0f0,#ebebeb
firefoxdev,#7c8fa4,#0e1011,#f2f5f9,#163c61,#0e1011,#708284,#002831,#e63853,#5eb83c,#a57706,#359ddf,#d75cff,#4b73a2,#dcdcdc,#001e27,#e1003f,#1d9000,#cd9409,#006fc0,#a200da,#005794,#e2e2e2
firewatch,#9ba2b2,#1e2027,#7d8fa4,#2f363e,#1e2027,#f6f7ec,#585f6d,#d95360,#5ab977,#dfb563,#4d89c4,#d55119,#44a8b6,#e6e5ff,#585f6d,#d95360,#5ab977,#dfb563,#4c89c5,#d55119,#44a8b6,#e6e5ff
fishtank,#ecf0fe,#232537,#232537,#fcf7e9,#232537,#fecd5e,#03073c,#c6004a,#acf157,#fecd5e,#525fb8,#986f82,#968763,#ecf0fc,#6c5b30,#da4b8a,#dbffa9,#fee6a9,#b2befa,#fda5cd,#a5bd86,#f6ffec
flat,#2cc55d,#002240,#ffffff,#792b9c,#002240,#e5be0c,#222d3f,#a82320,#32a548,#e58d11,#3167ac,#781aa0,#2c9370,#b0b6ba,#212c3c,#d4312e,#2d9440,#e5be0c,#3c7dd2,#8230a7,#35b387,#e7eced
flatland,#b8dbef,#1d1f21,#ffffff,#2b2a24,#1d1f21,#708284,#1d1d19,#f18339,#9fd364,#f4ef6d,#5096be,#695abc,#d63865,#ffffff,#1d1d19,#d22a24,#a7d42c,#ff8949,#61b9d0,#695abc,#d63865,#ffffff
flexoki-dark,#cecdc3,#100f0f,#100f0f,#cecdc3,#100f0f,#cecdc3,#100f0f,#d14d41,#879a39,#d0a215,#4385be,#ce5d97,#3aa99f,#878580,#575653,#af3029,#66800b,#ad8301,#205ea6,#a02f6f,#24837b,#cecdc3
flexoki-light,#100f0f,#fffcf0,#fffcf0,#6f6e69,#fffcf0,#100f0f,#6f6e69,#af3029,#66800b,#ad8301,#205ea6,#a02f6f,#24837b,#100f0f,#cecdc3,#d14d41,#879a39,#d0a215,#4385be,#ce5d97,#3aa99f,#b7b5ac
floraverse,#dbd1b9,#0e0d15,#08002e,#f3e0b8,#08002e,#bbbbbb,#08002e,#64002c,#5d731a,#cd751c,#1d6da1,#b7077e,#42a38c,#f3e0b8,#331e4d,#d02063,#b4ce59,#fac357,#40a4cf,#f12aae,#62caa8,#fff5db
forestblue,#e2d8cd,#051519,#ffffff,#4d4d4d,#051519,#9e9ecb,#333333,#f8818e,#92d3a2,#1a8e63,#8ed0ce,#5e468c,#31658c,#e2d8cd,#3d3d3d,#fb3d66,#6bb48d,#30c85a,#39a7a2,#7e62b3,#6096bf,#e2d8cd
framer,#777777,#111111,#ffffff,#666666,#111111,#fcdc08,#141414,#ff5555,#98ec65,#ffcc33,#00aaff,#aa88ff,#88ddff,#cccccc,#414141,#ff8888,#b6f292,#ffd966,#33bbff,#cebbff,#bbecff,#ffffff
frontenddelight,#adadad,#1b1c1d,#1b1c1d,#ea6154,#1b1c1d,#cdcdcd,#242526,#f8511b,#565747,#fa771d,#2c70b7,#f02e4f,#3ca1a6,#adadad,#8c735b,#f74319,#74ec4c,#fdc325,#3393ca,#e75e4f,#4fbce6,#5fac6d
funforrest,#dec165,#251200,#000000,#e5591c,#000000,#e5591c,#000000,#d6262b,#919c00,#be8a13,#4699a3,#8d4331,#da8213,#ddc265,#7f6a55,#e55a1c,#bfc65a,#ffcb1b,#7cc9cf,#d26349,#e6a96b,#ffeaa3
galaxy,#ffffff,#1d2837,#000000,#b5d5ff,#000000,#bbbbbb,#000000,#f9555f,#21b089,#fef02a,#589df6,#944d95,#1f9ee7,#bbbbbb,#555555,#fa8c8f,#35bb9a,#ffff55,#589df6,#e75699,#3979bc,#ffffff
galizur,#ddeeff,#071317,#ddeeff,#071317,#071317,#ddeeff,#223344,#aa1122,#33aa11,#ccaa22,#2255cc,#7755aa,#22bbdd,#8899aa,#556677,#ff1133,#33ff11,#ffdd33,#3377ff,#aa77ff,#33ddff,#bbccdd
ghostty-default-styledark,#ffffff,#292c33,#292c33,#ffffff,#292c33,#ffffff,#1d1f21,#bf6b69,#b7bd73,#e9c880,#88a1bb,#ad95b8,#95bdb7,#c5c8c6,#666666,#c55757,#bcc95f,#e1c65e,#83a5d6,#bc99d4,#83beb1,#eaeaea
github,#3e3e3e,#f4f4f4,#535353,#a9c1e2,#f4f4f4,#3f3f3f,#ffffff,#970b16,#07962a,#f8eec7,#003e8a,#e94691,#89d1ec,#3e3e3e,#ffffff,#de0000,#87d5a2,#f1d007,#2e6cba,#ffa29f,#1cfafe,#666666
github-dark,#8b949e,#101216,#ffffff,#3b5070,#101216,#c9d1d9,#000000,#f78166,#56d364,#e3b341,#6ca4f8,#db61a2,#2b7489,#ffffff,#4d4d4d,#f78166,#56d364,#e3b341,#6ca4f8,#db61a2,#2b7489,#ffffff
github-dark-colorblind,#c9d1d9,#0d1117,#0d1117,#c9d1d9,#0d1117,#58a6ff,#484f58,#ec8e2c,#58a6ff,#d29922,#58a6ff,#bc8cff,#39c5cf,#b1bac4,#6e7681,#fdac54,#79c0ff,#e3b341,#79c0ff,#d2a8ff,#56d4dd,#ffffff
github-dark-default,#e6edf3,#0d1117,#0d1117,#e6edf3,#0d1117,#2f81f7,#484f58,#ff7b72,#3fb950,#d29922,#58a6ff,#bc8cff,#39c5cf,#b1bac4,#6e7681,#ffa198,#56d364,#e3b341,#79c0ff,#d2a8ff,#56d4dd,#ffffff
github-dark-dimmed,#adbac7,#22272e,#22272e,#adbac7,#22272e,#539bf5,#545d68,#f47067,#57ab5a,#c69026,#539bf5,#b083f0,#39c5cf,#909dab,#636e7b,#ff938a,#6bc46d,#daaa3f,#6cb6ff,#dcbdfb,#56d4dd,#cdd9e5
github-dark-high-contrast,#f0f3f6,#0a0c10,#0a0c10,#f0f3f6,#0a0c10,#71b7ff,#7a828e,#ff9492,#26cd4d,#f0b72f,#71b7ff,#cb9eff,#39c5cf,#d9dee3,#9ea7b3,#ffb1af,#4ae168,#f7c843,#91cbff,#dbb7ff,#56d4dd,#ffffff
github-light-colorblind,#24292f,#ffffff,#ffffff,#24292f,#ffffff,#0969da,#6e7781,#b35900,#0550ae,#4d2d00,#0969da,#8250df,#1b7c83,#24292f,#8c959f,#8a4600,#0969da,#633c01,#218bff,#a475f9,#3192aa,#57606a
github-light-default,#1f2328,#ffffff,#ffffff,#1f2328,#ffffff,#0969da,#6e7781,#cf222e,#116329,#4d2d00,#0969da,#8250df,#1b7c83,#24292f,#8c959f,#a40e26,#1a7f37,#633c01,#218bff,#a475f9,#3192aa,#57606a
github-light-high-contrast,#0e1116,#ffffff,#ffffff,#0e1116,#ffffff,#0349b4,#66707b,#a0111f,#024c1a,#3f2200,#0349b4,#622cbc,#1b7c83,#0e1116,#88929d,#86061d,#055d20,#4e2c00,#1168e3,#844ae7,#3192aa,#4b535d
gitlab-dark,#ffffff,#28262b,#28262b,#ad95e9,#28262b,#ffffff,#000000,#f57f6c,#52b87a,#d99530,#7fb6ed,#f88aaf,#32c5d2,#ffffff,#666666,#fcb5aa,#91d4a8,#e9be74,#498dd1,#fcacc5,#5edee3,#ffffff
gitlab-dark-grey,#ffffff,#222222,#222222,#ad95e9,#222222,#ffffff,#000000,#f57f6c,#52b87a,#d99530,#7fb6ed,#f88aaf,#32c5d2,#ffffff,#666666,#fcb5aa,#91d4a8,#e9be74,#498dd1,#fcacc5,#5edee3,#ffffff
gitlab-light,#303030,#fafaff,#fafaff,#ad95e9,#fafaff,#303030,#303030,#a31700,#0a7f3d,#af551d,#006cd8,#583cac,#00798a,#303030,#303030,#a31700,#0a7f3d,#af551d,#006cd8,#583cac,#00798a,#303030
glacier,#ffffff,#0c1115,#ffffff,#bd2523,#0c1115,#6c6c6c,#2e343c,#bd0f2f,#35a770,#fb9435,#1f5872,#bd2523,#778397,#ffffff,#404a55,#bd0f2f,#49e998,#fddf6e,#2a8bc1,#ea4727,#a0b6d3,#ffffff
grape,#9f9fa1,#171423,#171422,#493d70,#171422,#a288f7,#2d283f,#ed2261,#1fa91b,#8ddc20,#487df4,#8d35c9,#3bdeed,#9e9ea0,#59516a,#f0729a,#53aa5e,#b2dc87,#a9bcec,#ad81c2,#9de3eb,#a288f7
grass,#fff0a5,#13773d,#ffffff,#b64926,#ffffff,#8c2800,#000000,#bb0000,#00bb00,#e7b000,#0000a3,#950062,#00bbbb,#bbbbbb,#555555,#bb0000,#00bb00,#e7b000,#0000bb,#ff55ff,#55ffff,#ffffff
grey-green,#ffffff,#002a1a,#e2e2e2,#517e50,#002a1a,#fff400,#000000,#fe1414,#74ff00,#f1ff01,#00deff,#ff00f0,#00ffbc,#ffffff,#666666,#ff3939,#00ff44,#ffd100,#00afff,#ff008a,#00ffd3,#f5ecec
gruber-darker,#e4e4e4,#181818,#52494e,#ffffff,#181818,#ffdd33,#181818,#f43841,#73d936,#ffdd33,#96a6c8,#9e95c7,#95a99f,#e4e4e4,#52494e,#ff4f58,#73d936,#ffdd33,#96a6c8,#afafd7,#95a99f,#f5f5f5
gruvbox-dark,#ebdbb2,#282828,#282828,#ebdbb2,#282828,#ebdbb2,#282828,#cc241d,#98971a,#d79921,#458588,#b16286,#689d6a,#a89984,#928374,#fb4934,#b8bb26,#fabd2f,#83a598,#d3869b,#8ec07c,#ebdbb2
gruvbox-light,#3c3836,#fbf1c7,#fbf1c7,#3c3836,#fbf1c7,#3c3836,#fbf1c7,#cc241d,#98971a,#d79921,#458588,#b16286,#689d6a,#7c6f64,#928374,#9d0006,#79740e,#b57614,#076678,#8f3f71,#427b58,#3c3836
gruvbox-material,#d4be98,#1d2021,#7cfb70,#2b2c3f,#1d2021,#ffffff,#141617,#ea6926,#c1d041,#eecf75,#6da3ec,#fd9bc1,#fe9d6e,#ffffff,#000000,#d3573b,#c1d041,#eecf75,#2c86ff,#fd9bc1,#92a5df,#ffffff
gruvboxdark,#ebdbb2,#282828,#ebdbb2,#665c54,#282828,#ebdbb2,#282828,#cc241d,#98971a,#d79921,#458588,#b16286,#689d6a,#a89984,#928374,#fb4934,#b8bb26,#fabd2f,#83a598,#d3869b,#8ec07c,#ebdbb2
gruvboxdarkhard,#ebdbb2,#1d2021,#ebdbb2,#665c54,#1d2021,#ebdbb2,#1d2021,#cc241d,#98971a,#d79921,#458588,#b16286,#689d6a,#a89984,#928374,#fb4934,#b8bb26,#fabd2f,#83a598,#d3869b,#8ec07c,#ebdbb2
gruvboxlight,#282828,#fbf1c7,#665c54,#d5c4a1,#fbf1c7,#282828,#fbf1c7,#9d0006,#79740e,#b57614,#076678,#8f3f71,#427b58,#3c3836,#9d8374,#cc241d,#98971a,#d79921,#458588,#b16186,#689d69,#7c6f64
gruvboxlighthard,#282828,#f8f4d6,#665c54,#d5c4a1,#f8f4d6,#282828,#f8f4d6,#9d0006,#79740e,#b57614,#076678,#8f3f71,#427b58,#3c3836,#9d8374,#cc241d,#98971a,#d79921,#458588,#b16186,#689d69,#7c6f64
guezwhoz,#d0d0d0,#1c1c1c,#eeeeee,#005f5f,#1c1c1c,#eeeeee,#080808,#ff5f5f,#87d7af,#d7d787,#5fafd7,#afafff,#5fd7d7,#dadada,#8a8a8a,#d75f5f,#afd7af,#d7d7af,#87afd7,#afafd7,#87d7d7,#dadada
hacktober,#c9c9c9,#141414,#141414,#c9c9c9,#141414,#c9c9c9,#191918,#b34538,#587744,#d08949,#206ec5,#864651,#ac9166,#f1eee7,#2c2b2a,#b33323,#42824a,#c75a22,#5389c5,#e795a5,#ebc587,#ffffff
hardcore,#a0a0a0,#121212,#b6bbc0,#453b39,#121212,#bbbbbb,#1b1d1e,#f92672,#a6e22e,#fd971f,#66d9ef,#9e6ffe,#5e7175,#ccccc6,#505354,#ff669d,#beed5f,#e6db74,#66d9ef,#9e6ffe,#a3babf,#f8f8f2
harper,#a8a49d,#010101,#a8a49d,#5a5753,#010101,#a8a49d,#010101,#f8b63f,#7fb5e1,#d6da25,#489e48,#b296c6,#f5bfd7,#a8a49d,#726e6a,#f8b63f,#7fb5e1,#d6da25,#489e48,#b296c6,#f5bfd7,#fefbea
havn-daggry,#3e4a77,#f8f9fb,#333c61,#d4e8de,#f8f9fb,#386a51,#d7dbea,#8f564b,#5c705b,#b36f00,#40567a,#775d93,#8a5a7e,#212840,#d7dbea,#bd533e,#79957b,#f3b550,#6988bc,#7b7393,#a4879c,#212840
havn-skumring,#d7dbea,#121521,#dce0ee,#34504b,#121521,#40786f,#262c45,#d96048,#7cab7f,#eeb64e,#5d6bef,#7a729a,#ca8cbe,#dde0ed,#212840,#c47768,#8f9d90,#e4c693,#5d85c6,#967de7,#c57eb3,#fdf6e3
hax0r-blue,#11b7ff,#010515,#f6f6f6,#c1e4ff,#010515,#10b6ff,#010921,#10b6ff,#10b6ff,#10b6ff,#10b6ff,#10b6ff,#10b6ff,#fafafa,#080117,#00b3f7,#00b3f7,#00b3f7,#00b3f7,#00b3f7,#00b3f7,#fefefe
hax0r-gr33n,#16b10e,#020f01,#fdfdfd,#d4ffc1,#020f01,#15d00d,#001f0b,#15d00d,#15d00d,#15d00d,#15d00d,#15d00d,#15d00d,#fafafa,#001510,#19e20e,#19e20e,#19e20e,#19e20e,#19e20e,#19e20e,#fefefe
hax0r-r3d,#b10e0e,#200101,#fdfdfd,#ebc1ff,#fdfdfd,#b00d0d,#1f0000,#b00d0d,#b00d0d,#b00d0d,#b00d0d,#b00d0d,#b00d0d,#fafafa,#150000,#ff1111,#ff1010,#ff1010,#ff1010,#ff1010,#ff1010,#fefefe
heeler,#fdfdfd,#211f44,#7cfb70,#2b2c3f,#211f44,#ffffff,#000000,#d3573b,#c1d041,#eecf75,#6da3ec,#fd9bc1,#fe9d6e,#ffffff,#000000,#d3573b,#c1d041,#eecf75,#2c86ff,#fd9bc1,#92a5df,#ffffff
highway,#ededed,#222225,#ededed,#384564,#222225,#e0d9b9,#000000,#d00e18,#138034,#ffcb3e,#006bb3,#6b2775,#384564,#ededed,#5d504a,#f07e18,#b1d130,#fff120,#4fc2fd,#de0071,#5d504a,#ffffff
hipster-green,#84c138,#100b05,#ffffff,#083905,#100b05,#23ff18,#000000,#b6214a,#00a600,#bfbf00,#246eb2,#b200b2,#00a6b2,#bfbfbf,#666666,#e50000,#86a93e,#e5e500,#0000ff,#e500e5,#00e5e5,#e5e5e5
hivacruz,#ede4e4,#132638,#979db4,#5e6687,#132638,#979db4,#202746,#c94922,#ac9739,#c08b30,#3d8fd1,#6679cc,#22a2c9,#979db4,#6b7394,#c76b29,#73ad43,#5e6687,#898ea4,#dfe2f1,#9c637a,#f5f7ff
homebrew,#00ff00,#000000,#ffffff,#083905,#000000,#23ff18,#000000,#990000,#00a600,#999900,#0000b2,#b200b2,#00a6b2,#bfbfbf,#666666,#e50000,#00d900,#e5e500,#0000ff,#e500e5,#00e5e5,#e5e5e5
hopscotch,#b9b5b8,#322931,#b9b5b8,#5c545b,#322931,#b9b5b8,#322931,#dd464c,#8fc13e,#fdcc59,#1290bf,#c85e7c,#149b93,#b9b5b8,#797379,#fd8b19,#433b42,#5c545b,#989498,#d5d3d5,#b33508,#ffffff
horizon,#d5d8da,#1c1e26,#1c1e26,#6c6f93,#1c1e26,#6c6f93,#000000,#e95678,#29d398,#fab795,#26bbd9,#ee64ac,#59e1e3,#e5e5e5,#666666,#ec6a88,#3fdaa4,#fbc3a7,#3fc4de,#f075b5,#6be4e6,#e5e5e5
horizon-bright,#16161c,#fbf0ee,#16161c,#f2d0c5,#16161c,#f2d0c5,#fdf0ed,#e95678,#29d398,#fab795,#26bbd9,#ee64ae,#59e3e3,#16161c,#fff3f0,#ec6a88,#3fdaa4,#fbc3a7,#3fc6de,#f075b7,#6be6e6,#1a1c23
hurtado,#dbdbdb,#000000,#000000,#b5d5ff,#000000,#bbbbbb,#575757,#ff1b00,#a5e055,#fbe74a,#496487,#fd5ff1,#86e9fe,#cbcccb,#262626,#d51d00,#a5df55,#fbe84a,#89beff,#c001c1,#86eafe,#dbdbdb
hybrid,#b7bcba,#161719,#b7bcba,#1e1f22,#161719,#b7bcba,#2a2e33,#b84d51,#b3bf5a,#e4b55e,#6e90b0,#a17eac,#7fbfb4,#b5b9b6,#1d1f22,#8d2e32,#798431,#e58a50,#4b6b88,#6e5079,#4d7b74,#5a626a
ic-green-ppl,#e0f1dc,#2c2c2c,#e0f1dc,#116b41,#2c2c2c,#47fa6b,#014401,#ff2736,#41a638,#76a831,#2ec3b9,#50a096,#3ca078,#e6fef2,#035c03,#b4fa5c,#aefb86,#dafa87,#2efaeb,#50fafa,#3cfac8,#e0f1dc
ic-orange-ppl,#ffcb83,#262626,#ffc88a,#c14020,#262626,#fc531d,#000000,#c13900,#a4a900,#caaf00,#bd6d00,#fc5e00,#f79500,#ffc88a,#6a4f2a,#ff8c68,#f6ff40,#ffe36e,#ffbe55,#fc874f,#c69752,#fafaff
iceberg-dark,#c6c8d1,#161821,#161821,#c6c8d1,#161821,#c6c8d1,#1e2132,#e27878,#b4be82,#e2a478,#84a0c6,#a093c7,#89b8c2,#c6c8d1,#6b7089,#e98989,#c0ca8e,#e9b189,#91acd1,#ada0d3,#95c4ce,#d2d4de
iceberg-light,#33374c,#e8e9ec,#e8e9ec,#33374c,#e8e9ec,#33374c,#dcdfe7,#cc517a,#668e3d,#c57339,#2d539e,#7759b4,#3f83a6,#33374c,#8389a3,#cc3768,#598030,#b6662d,#22478e,#6845ad,#327698,#262a3f
idea,#adadad,#202020,#ffffff,#44475a,#202020,#bbbbbb,#181818,#fc5256,#98b61c,#ccb444,#437ee7,#9d74b0,#248887,#adadad,#181818,#fc7072,#98b61c,#ffff0b,#6c9ced,#fc7eff,#248887,#ffffff
idletoes,#ffffff,#323232,#000000,#5b5b5b,#000000,#d6d6d6,#323232,#d25252,#7fe173,#ffc66d,#4099ff,#f680ff,#bed6ff,#eeeeec,#535353,#f07070,#9dff91,#ffe48b,#5eb7f7,#ff9dff,#dcf4ff,#ffffff
ir-black,#f1f1f1,#000000,#000000,#b5d5ff,#000000,#808080,#4f4f4f,#fa6c60,#a8ff60,#fffeb7,#96cafe,#fa73fd,#c6c5fe,#efedef,#7b7b7b,#fcb6b0,#cfffab,#ffffcc,#b5dcff,#fb9cfe,#e0e0fe,#ffffff
it2-dark-background,#c7c7c7,#000000,#000000,#c1deff,#000000,#c7c7c7,#000000,#c91b00,#00c200,#c7c400,#0225c7,#ca30c7,#00c5c7,#c7c7c7,#686868,#ff6e67,#5ffa68,#fffc67,#6871ff,#ff77ff,#60fdff,#ffffff
it2-default,#ffffff,#000000,#000000,#c1deff,#000000,#e5e5e5,#000000,#c91b00,#00c200,#c7c400,#2225c4,#ca30c7,#00c5c7,#ffffff,#686868,#ff6e67,#5ffa68,#fffc67,#6871ff,#ff77ff,#60fdff,#ffffff
it2-light-background,#000000,#ffffff,#000000,#c1deff,#ffffff,#000000,#c7c7c7,#c91b00,#00c200,#c7c400,#0225c7,#ca30c7,#00c5c7,#000000,#ffffff,#ff6e67,#5ffa68,#fffc67,#6871ff,#ff77ff,#60fdff,#686868
it2-pastel-dark-background,#c7c7c7,#000000,#f4f4f4,#454d96,#000000,#ffb473,#626262,#ff8373,#b4fb73,#fffdc3,#a5d5fe,#ff90fe,#d1d1fe,#f1f1f1,#8f8f8f,#ffc4be,#d6fcba,#fffed5,#c2e3ff,#ffb2fe,#e6e6fe,#ffffff
it2-smoooooth,#dcdcdc,#15191f,#000000,#b3d7ff,#000000,#ffffff,#14191e,#b43c2a,#00c200,#c7c400,#2744c7,#c040be,#00c5c7,#c7c7c7,#686868,#dd7975,#58e790,#ece100,#a7abf2,#e17ee1,#60fdff,#ffffff
it2-solarized-dark,#839496,#002b36,#93a1a1,#073642,#002b36,#839496,#073642,#dc322f,#859900,#b58900,#268bd2,#d33682,#2aa198,#eee8d5,#002b36,#cb4b16,#586e75,#657b83,#839496,#6c71c4,#93a1a1,#fdf6e3
it2-solarized-light,#657b83,#fdf6e3,#586e75,#eee8d5,#fdf6e3,#657b83,#eee8d5,#dc322f,#859900,#b58900,#268bd2,#d33682,#2aa198,#073642,#fdf6e3,#cb4b16,#586e75,#657b83,#839496,#6c71c4,#93a1a1,#002b36
it2-tango-dark,#ffffff,#000000,#000000,#c1deff,#000000,#ffffff,#000000,#d81e00,#5ea702,#cfae00,#427ab3,#89658e,#00a7aa,#dbded8,#686a66,#f54235,#99e343,#fdeb61,#84b0d8,#bc94b7,#37e6e8,#f1f1f0
it2-tango-light,#000000,#ffffff,#000000,#c1deff,#ffffff,#000000,#dbded8,#d81e00,#5ea702,#cfae00,#427ab3,#89658e,#00a7aa,#000000,#f1f1f0,#f54235,#99e343,#fdeb61,#84b0d8,#bc94b7,#37e6e8,#686a66
iterm,#fffbf6,#101421,#101421,#fffbf6,#101421,#fffbf6,#2e2e2e,#eb4129,#abe047,#f6c744,#47a0f3,#7b5cb0,#64dbed,#e5e9f0,#565656,#ec5357,#c0e17d,#f9da6a,#49a4f8,#a47de9,#99faf2,#ffffff
jackie-brown,#ffcc2f,#2c1d16,#ffffff,#af8d21,#2c1d16,#23ff18,#2c1d16,#ef5734,#2baf2b,#bebf00,#246eb2,#d05ec1,#00acee,#bfbfbf,#666666,#e50000,#86a93e,#e5e500,#0000ff,#e500e5,#00e5e5,#e5e5e5
japanesque,#f7f6ec,#1e1e1e,#f7f6ec,#175877,#1e1e1e,#edcf4f,#343935,#cf3f61,#7bb75b,#e9b32a,#4c9ad4,#a57fc4,#389aad,#fafaf6,#595b59,#d18fa6,#767f2c,#78592f,#135979,#604291,#76bbca,#b2b5ae
jellybeans,#dedede,#121212,#f4f4f4,#474e91,#121212,#ffa560,#929292,#e27373,#94b979,#ffba7b,#97bedc,#e1c0fa,#00988e,#dedede,#bdbdbd,#ffa1a1,#bddeab,#ffdca0,#b1d8f6,#fbdaff,#1ab2a8,#ffffff
jetbrains-darcula,#adadad,#202020,#202020,#1a3272,#202020,#ffffff,#000000,#fa5355,#126e00,#c2c300,#4581eb,#fa54ff,#33c2c1,#adadad,#545454,#fb7172,#67ff4f,#ffff00,#6d9df1,#fb82ff,#60d3d1,#eeeeee
jubi,#c3d3de,#262b33,#1e1b2e,#5b5184,#1e1b2e,#c3d3de,#3b3750,#cf7b98,#90a94b,#6ebfc0,#576ea6,#bc4f68,#75a7d2,#c3d3de,#a874ce,#de90ab,#bcdd61,#87e9ea,#8c9fcd,#e16c87,#b7c9ef,#d5e5f1
kanagawa-dragon,#c8c093,#181616,#c5c9c5,#223249,#181616,#c5c9c5,#0d0c0c,#c4746e,#8a9a7b,#c4b28a,#8ba4b0,#a292a3,#8ea4a2,#c8c093,#a6a69c,#e46876,#87a987,#e6c384,#7fb4ca,#938aa9,#7aa89f,#c5c9c5
kanagawa-wave,#dcd7ba,#1f1f28,#c8c093,#2d4f67,#1f1f28,#c8c093,#090618,#c34043,#76946a,#c0a36e,#7e9cd8,#957fb8,#6a9589,#c8c093,#727169,#e82424,#98bb6c,#e6c384,#7fb4ca,#938aa9,#7aa89f,#dcd7ba
kanagawabones,#ddd8bb,#1f1f28,#ddd8bb,#49473e,#1f1f28,#e6e0c2,#1f1f28,#e46a78,#98bc6d,#e5c283,#7eb3c9,#957fb8,#7eb3c9,#ddd8bb,#3c3c51,#ec818c,#9ec967,#f1c982,#7bc2df,#a98fd2,#7bc2df,#a8a48d
kibble,#f7f7f7,#0e100a,#000000,#9ba787,#000000,#9fda9c,#4d4d4d,#c70031,#29cf13,#d8e30e,#3449d1,#8400ff,#0798ab,#e2d1e3,#5a5a5a,#f01578,#6ce05c,#f3f79e,#97a4f7,#c495f0,#68f2e0,#ffffff
kitty,#dddddd,#000000,#000000,#dddddd,#111111,#cccccc,#000000,#cc0403,#19cb00,#cecb00,#0d73cc,#cb1ed1,#0dcdcd,#dddddd,#767676,#f2201f,#23fd00,#fffd00,#1a8fff,#fd28ff,#14ffff,#ffffff
kolorit,#efecec,#1d1a1e,#1d1a1e,#e1925c,#1d1a1e,#c7c7c7,#1d1a1e,#ff5b82,#47d7a1,#e8e562,#5db4ee,#da6cda,#57e9eb,#ededed,#1d1a1e,#ff5b82,#47d7a1,#e8e562,#5db4ee,#da6cda,#57e9eb,#ededed
konsolas,#c8c1c1,#060606,#c8c1c1,#060606,#060606,#c8c1c1,#000000,#aa1717,#18b218,#ebae1f,#2323a5,#ad1edc,#42b0c8,#c8c1c1,#7b716e,#ff4141,#5fff5f,#ffff55,#4b4bff,#ff54ff,#69ffff,#ffffff
kurokula,#ddd0c4,#141515,#ffc663,#515151,#ffc663,#702420,#333333,#b66056,#85b1a9,#dbbb43,#6890d7,#887aa3,#837369,#ddd0c4,#515151,#ffc663,#c1ffae,#fff700,#a1d9ff,#a994ff,#f9cfb9,#ffffff
lab-fox,#ffffff,#2e2e2e,#ffffff,#cb392e,#2e2e2e,#7f7f7f,#2e2e2e,#fc6d26,#3eb383,#fca121,#db3b21,#380d75,#6e49cb,#ffffff,#464646,#ff6517,#53eaa8,#fca013,#db501f,#441090,#7d53e7,#ffffff
laser,#f106e3,#030d18,#f4f4f4,#2e206a,#030d18,#00ff9c,#626262,#ff8373,#b4fb73,#09b4bd,#fed300,#ff90fe,#d1d1fe,#f1f1f1,#8f8f8f,#ffc4be,#d6fcba,#fffed5,#f92883,#ffb2fe,#e6e7fe,#ffffff
later-this-evening,#959595,#222222,#959595,#424242,#959595,#424242,#2b2b2b,#d45a60,#afba67,#e5d289,#a0bad6,#c092d6,#91bfb7,#3c3d3d,#454747,#d3232f,#aabb39,#e5be39,#6699d6,#ab53d6,#5fc0ae,#c1c2c2
lavandula,#736e7d,#050014,#8c91fa,#37323c,#050014,#8c91fa,#230046,#7d1625,#337e6f,#7f6f49,#4f4a7f,#5a3f7f,#58777f,#736e7d,#372d46,#e05167,#52e0c4,#e0c386,#8e87e0,#a776e0,#9ad4e0,#8c91fa
liquidcarbon,#afc2c2,#303030,#000000,#7dbeff,#000000,#ffffff,#000000,#ff3030,#559a70,#ccac00,#0099cc,#cc69c8,#7ac4cc,#bccccc,#000000,#ff3030,#559a70,#ccac00,#0099cc,#cc69c8,#7ac4cc,#bccccc
liquidcarbontransparent,#afc2c2,#000000,#000000,#7dbeff,#000000,#ffffff,#000000,#ff3030,#559a70,#ccac00,#0099cc,#cc69c8,#7ac4cc,#bccccc,#000000,#ff3030,#559a70,#ccac00,#0099cc,#cc69c8,#7ac4cc,#bccccc
liquidcarbontransparentinverse,#afc2c2,#000000,#000000,#7dbeff,#000000,#ffffff,#000000,#ff3030,#559a70,#ccac00,#0099cc,#cc69c8,#7ac4cc,#bccccd,#000000,#ff3030,#559a70,#ccac00,#0099cc,#cc69c8,#7ac4cc,#ffffff
lovelace,#fdfdfd,#1d1f28,#000000,#c1deff,#000000,#c574dd,#282a36,#f37f97,#5adecd,#f2a272,#8897f4,#c574dd,#79e6f3,#fdfdfd,#414458,#ff4971,#18e3c8,#ff8037,#556fff,#b043d1,#3fdcee,#bebec1
man-page,#000000,#fef49c,#000000,#a4c9cd,#000000,#7f7f7f,#cccccc,#cc0000,#00a600,#999900,#0000b2,#b200b2,#00a6b2,#000000,#e5e5e5,#e50000,#00d900,#e5e500,#0000ff,#e500e5,#00e5e5,#666666
mariana,#d8dee9,#343d46,#d8dee9,#4e5a65,#343d46,#fcbb6a,#000000,#ec5f66,#99c794,#f9ae58,#6699cc,#c695c6,#5fb4b4,#f7f7f7,#333333,#f97b58,#acd1a8,#fac761,#85add6,#d8b6d8,#82c4c4,#ffffff
material,#232322,#eaeaea,#4e4e4e,#c2c2c2,#4e4e4e,#16afca,#efefef,#b7141f,#457b24,#f6981e,#134eb2,#560088,#0e717c,#212121,#d9d9d9,#e83b3f,#7aba3a,#ffea2e,#54a4f3,#aa4dbc,#26bbd1,#424242
material-amber,#21201d,#fff8e1,#fff8e1,#21201d,#fff8e1,#21201d,#ffd7d7,#cd4340,#498d49,#fab32d,#3378c4,#b83269,#21929a,#21201d,#ffe1da,#dd7b72,#82ae78,#fbc870,#73a0cd,#ce6f8e,#548c94,#66635a
material-design,#eceff1,#263238,#eceff1,#607d8b,#607d8b,#eceff1,#546e7a,#ff5252,#5cf19e,#ffd740,#40c4ff,#ff4081,#64fcda,#ffffff,#b0bec5,#ff8a80,#b9f6ca,#ffe57f,#80d8ff,#ff80ab,#a7fdeb,#ffffff
materialdark,#e5e5e5,#232322,#3d3d3d,#dfdfdf,#232322,#16afca,#212121,#b7141f,#457b24,#f6981e,#134eb2,#560088,#0e717c,#efefef,#424242,#e83b3f,#7aba3a,#ffea2e,#54a4f3,#aa4dbc,#26bbd1,#d9d9d9
materialdarker,#eeffff,#212121,#545454,#eeffff,#212121,#ffffff,#000000,#ff5370,#c3e88d,#ffcb6b,#82aaff,#c792ea,#89ddff,#ffffff,#545454,#ff5370,#c3e88d,#ffcb6b,#82aaff,#c792ea,#89ddff,#ffffff
materialdesigncolors,#e7ebed,#1d262a,#e7ebed,#4e6a78,#1d262a,#eaeaea,#435b67,#fc3841,#5cf19e,#fed032,#37b6ff,#fc226e,#59ffd1,#ffffff,#a1b0b8,#fc746d,#adf7be,#fee16c,#70cfff,#fc669b,#9affe6,#ffffff
materialocean,#8f93a2,#0f111a,#8f93a2,#1f2233,#0f111a,#ffcc00,#546e7a,#ff5370,#c3e88d,#ffcb6b,#82aaff,#c792ea,#89ddff,#ffffff,#546e7a,#ff5370,#c3e88d,#ffcb6b,#82aaff,#c792ea,#89ddff,#ffffff
mathias,#bbbbbb,#000000,#f2f2f2,#555555,#000000,#bbbbbb,#000000,#e52222,#a6e32d,#fc951e,#c48dff,#fa2573,#67d9f0,#f2f2f2,#555555,#ff5555,#55ff55,#ffff55,#5555ff,#ff55ff,#55ffff,#ffffff
matrix,#426644,#0f191c,#00ff87,#18282e,#00ff87,#384545,#0f191c,#23755a,#82d967,#ffd700,#3f5242,#409931,#50b45a,#507350,#688060,#2fc079,#90d762,#faff00,#4f7e7e,#11ff25,#c1ff8a,#678c61
medallion,#cac296,#1d1908,#cac29a,#626dac,#1d1908,#d3ba30,#000000,#b64c00,#7c8b16,#d3bd26,#616bb0,#8c5a90,#916c25,#cac29a,#5e5219,#ff9149,#b2ca3b,#ffe54a,#acb8ff,#ffa0ff,#ffbc51,#fed698
melange-dark,#ece1d7,#292522,#403a36,#ece1d7,#292522,#ece1d7,#34302c,#bd8183,#78997a,#e49b5d,#7f91b2,#b380b0,#7b9695,#c1a78e,#867462,#d47766,#85b695,#ebc06d,#a3a9ce,#cf9bc2,#89b3b6,#ece1d7
melange-light,#54433a,#f1f1f1,#d9d3ce,#54433a,#f1f1f1,#54433a,#e9e1db,#c77b8b,#6e9b72,#bc5c00,#7892bd,#be79bb,#739797,#7d6658,#a98a78,#bf0021,#3a684a,#a06d00,#465aa4,#904180,#3d6568,#54433a
mellifluous,#dadada,#1a1a1a,#c0af8c,#2d2d2d,#1a1a1a,#bfad9e,#1a1a1a,#d29393,#b3b393,#cbaa89,#a8a1be,#b39fb0,#c0af8c,#dadada,#5b5b5b,#c95954,#828040,#a6794c,#5a6599,#9c6995,#74a39e,#ffffff
mellow,#c9c7cd,#161617,#c1c0d4,#2a2a2d,#161617,#cac9dd,#27272a,#f5a191,#90b99f,#e6b99d,#aca1cf,#e29eca,#ea83a5,#c1c0d4,#353539,#ffae9f,#9dc6ac,#f0c5a9,#b9aeda,#ecaad6,#f591b2,#cac9dd
miasma,#c2c2b0,#222222,#000000,#e5c47b,#000000,#c7c7c7,#000000,#685742,#5f875f,#b36d43,#78824b,#bb7744,#c9a554,#d7c483,#666666,#685742,#5f875f,#b36d43,#78824b,#bb7744,#c9a554,#d7c483
midnight-in-mojave,#ffffff,#1e1e1e,#ffffff,#4a504d,#1e1e1e,#32d74b,#1e1e1e,#ff453a,#32d74b,#ffd60a,#0a84ff,#bf5af2,#5ac8fa,#ffffff,#1e1e1e,#ff453a,#32d74b,#ffd60a,#0a84ff,#bf5af2,#5ac8fa,#ffffff
mirage,#a6b2c0,#1b2738,#d3dbe5,#273951,#1b2738,#ddb3ff,#011627,#ff9999,#85cc95,#ffd700,#7fb5ff,#ddb3ff,#21c7a8,#ffffff,#575656,#ff9999,#85cc95,#ffd700,#7fb5ff,#ddb3ff,#85cc95,#ffffff
misterioso,#e1e1e0,#2d3743,#000000,#2d37ff,#2d3743,#000000,#000000,#ff4242,#74af68,#ffad29,#338f86,#9414e6,#23d7d7,#e1e1e0,#555555,#ff3242,#74cd68,#ffb929,#23d7d7,#ff37ff,#00ede1,#ffffff
modus-operandi,#000000,#ffffff,#ffffff,#000000,#ffffff,#000000,#bfbfbf,#a60000,#005e00,#813e00,#0031a9,#721045,#00538b,#000000,#ffffff,#972500,#315b00,#70480f,#2544bb,#5317ac,#005a5f,#595959
modus-vivendi,#ffffff,#000000,#000000,#ffffff,#000000,#ffffff,#000000,#ff8059,#44bc44,#d0bc00,#2fafff,#feacd0,#00d3d0,#bfbfbf,#595959,#ef8b50,#70b900,#c0c530,#79a8ff,#b6a0ff,#6ae4b9,#ffffff
molokai,#cccccc,#1b1d1e,#1b1d1e,#cccccc,#1b1d1e,#cccccc,#1b1d1e,#ff0044,#82b414,#fd971f,#266c98,#ac0cb1,#ae81ff,#cccccc,#808080,#f92672,#a6e22e,#e6db74,#7070f0,#d63ae1,#66d9ef,#f8f8f2
monalisa,#f7d66a,#120b0d,#120b0d,#f7d66a,#120b0d,#c46c32,#351b0e,#9b291c,#636232,#c36e28,#515c5d,#9b1d29,#588056,#f7d75c,#874228,#ff4331,#b4b264,#ff9566,#9eb2b4,#ff5b6a,#8acd8f,#ffe598
monokai-classic,#fdfff1,#272822,#fdfff1,#57584f,#272822,#c0c1b5,#272822,#f92672,#a6e22e,#e6db74,#fd971f,#ae81ff,#66d9ef,#fdfff1,#6e7066,#f92672,#a6e22e,#e6db74,#fd971f,#ae81ff,#66d9ef,#fdfff1
monokai-pro,#fcfcfa,#2d2a2e,#2d2a2e,#fcfcfa,#2d2a2e,#fcfcfa,#403e41,#ff6188,#a9dc76,#ffd866,#fc9867,#ab9df2,#78dce8,#fcfcfa,#727072,#ff6188,#a9dc76,#ffd866,#fc9867,#ab9df2,#78dce8,#fcfcfa
monokai-pro-light,#29242a,#faf4f2,#29242a,#bfb9ba,#29242a,#706b6e,#faf4f2,#e14775,#269d69,#cc7a0a,#e16032,#7058be,#1c8ca8,#29242a,#a59fa0,#e14775,#269d69,#cc7a0a,#e16032,#7058be,#1c8ca8,#29242a
monokai-pro-light-sun,#2c232e,#f8efe7,#2c232e,#beb5b3,#2c232e,#72696d,#f8efe7,#ce4770,#218871,#b16803,#d4572b,#6851a2,#2473b6,#2c232e,#a59c9c,#ce4770,#218871,#b16803,#d4572b,#6851a2,#2473b6,#2c232e
monokai-pro-machine,#f2fffc,#273136,#f2fffc,#545f62,#273136,#b8c4c3,#273136,#ff6d7e,#a2e57b,#ffed72,#ffb270,#baa0f8,#7cd5f1,#f2fffc,#6b7678,#ff6d7e,#a2e57b,#ffed72,#ffb270,#baa0f8,#7cd5f1,#f2fffc
monokai-pro-octagon,#eaf2f1,#282a3a,#eaf2f1,#535763,#282a3a,#b2b9bd,#282a3a,#ff657a,#bad761,#ffd76d,#ff9b5e,#c39ac9,#9cd1bb,#eaf2f1,#696d77,#ff657a,#bad761,#ffd76d,#ff9b5e,#c39ac9,#9cd1bb,#eaf2f1
monokai-pro-ristretto,#fff1f3,#2c2525,#fff1f3,#5b5353,#2c2525,#c3b7b8,#2c2525,#fd6883,#adda78,#f9cc6c,#f38d70,#a8a9eb,#85dacc,#fff1f3,#72696a,#fd6883,#adda78,#f9cc6c,#f38d70,#a8a9eb,#85dacc,#fff1f3
monokai-pro-spectrum,#f7f1ff,#222222,#f7f1ff,#525053,#222222,#bab6c0,#222222,#fc618d,#7bd88f,#fce566,#fd9353,#948ae3,#5ad4e6,#f7f1ff,#69676c,#fc618d,#7bd88f,#fce566,#fd9353,#948ae3,#5ad4e6,#f7f1ff
monokai-remastered,#d9d9d9,#0c0c0c,#ffffff,#343434,#0c0c0c,#fc971f,#1a1a1a,#f4005f,#98e024,#fd971f,#9d65ff,#f4005f,#58d1eb,#c4c5b5,#625e4c,#f4005f,#98e024,#e0d561,#9d65ff,#f4005f,#58d1eb,#f6f6ef
monokai-soda,#c4c5b5,#1a1a1a,#c4c5b5,#343434,#1a1a1a,#f6f7ec,#1a1a1a,#f4005f,#98e024,#fa8419,#9d65ff,#f4005f,#58d1eb,#c4c5b5,#625e4c,#f4005f,#98e024,#e0d561,#9d65ff,#f4005f,#58d1eb,#f6f6ef
monokai-vivid,#f9f9f9,#121212,#000000,#ffffff,#000000,#fb0007,#121212,#fa2934,#98e123,#fff30a,#0443ff,#f800f8,#01b6ed,#ffffff,#838383,#f6669d,#b1e05f,#fff26d,#0443ff,#f200f6,#51ceff,#ffffff
moonfly,#b2b2b2,#080808,#080808,#b2ceee,#080808,#9e9e9e,#323437,#ff5454,#8cc85f,#e3c78a,#80a0ff,#d183e8,#79dac8,#c6c6c6,#949494,#ff5189,#36c692,#c2c292,#74b2ff,#ae81ff,#85dc85,#e4e4e4
n0tch2k,#a0a0a0,#222222,#ffffff,#4d4d4d,#222222,#aa9175,#383838,#a95551,#666666,#a98051,#657d3e,#767676,#c9c9c9,#d0b8a3,#474747,#a97775,#8c8c8c,#a99175,#98bd5e,#a3a3a3,#dcdcdc,#d8c8bb
neobones-dark,#c6d5cf,#0f191f,#c6d5cf,#3a3e3d,#0f191f,#ceddd7,#0f191f,#de6e7c,#90ff6b,#b77e64,#8190d4,#b279a7,#66a5ad,#c6d5cf,#263945,#e8838f,#a0ff85,#d68c67,#92a0e2,#cf86c1,#65b8c1,#98a39e
neobones-light,#202e18,#e5ede6,#202e18,#ade48c,#e5ede6,#202e18,#e5ede6,#a8334c,#567a30,#944927,#286486,#88507d,#3b8992,#202e18,#b3c6b6,#94253e,#3f5a22,#803d1c,#1d5573,#7b3b70,#2b747c,#415934
neon,#f8f8f8,#171717,#171717,#f8f8f8,#171717,#f8f8f8,#171717,#d81765,#97d01a,#ffa800,#16b1fb,#ff2491,#0fdcb6,#ebebeb,#38252c,#ff0000,#76b639,#e1a126,#289cd5,#ff2491,#0a9b81,#f8f8f8
neopolitan,#ffffff,#271f19,#ffffff,#253b76,#271f19,#ffffff,#000000,#800000,#61ce3c,#fbde2d,#253b76,#ff0080,#8da6ce,#f8f8f8,#000000,#800000,#61ce3c,#fbde2d,#253b76,#ff0080,#8da6ce,#f8f8f8
neutron,#e6e8ef,#1c1e22,#7d8fa4,#2f363e,#1c1e22,#f6f7ec,#23252b,#b54036,#5ab977,#deb566,#6a7c93,#a4799d,#3f94a8,#e6e8ef,#23252b,#b54036,#5ab977,#deb566,#6a7c93,#a4799d,#3f94a8,#ebedf2
night-owl,#d6deeb,#011627,#dfe5ee,#5f7e97,#011627,#80a4c2,#011627,#ef5350,#22da6e,#addb67,#82aaff,#c792ea,#21c7a8,#ffffff,#575656,#ef5350,#22da6e,#ffeb95,#82aaff,#c792ea,#7fdbca,#ffffff
night-owlish-light,#403f53,#ffffff,#403f53,#f2f2f2,#ffffff,#403f53,#7a8181,#d3423e,#2aa298,#daaa01,#4876d6,#403f53,#08916a,#011627,#989fb1,#f76e6e,#49d0c5,#dac26b,#5ca7e4,#697098,#00c990,#7a8181
nightfly,#acb4c2,#011627,#080808,#b2ceee,#080808,#9ca1aa,#1d3b53,#fc514e,#a1cd5e,#e3d18a,#82aaff,#c792ea,#7fdbca,#a1aab8,#7c8f8f,#ff5874,#21c7a8,#ecc48d,#82aaff,#ae81ff,#ae81ff,#d6deeb
nightfox,#cdcecf,#192330,#cdcecf,#2b3b51,#192330,#cdcecf,#393b44,#c94f6d,#81b29a,#dbc074,#719cd6,#9d79d6,#63cdcf,#dfdfe0,#575860,#d16983,#8ebaa4,#e0c989,#86abdc,#baa1e2,#7ad5d6,#e4e4e5
nightlion-v1,#bbbbbb,#000000,#000000,#b5d5ff,#000000,#bbbbbb,#4c4c4c,#bb0000,#5fde8f,#f3f167,#276bd8,#bb00bb,#00dadf,#bbbbbb,#555555,#ff5555,#55ff55,#ffff55,#5555ff,#ff55ff,#55ffff,#ffffff
nightlion-v2,#bbbbbb,#171717,#000000,#b5d5ff,#000000,#bbbbbb,#4c4c4c,#bb0000,#04f623,#f3f167,#64d0f0,#ce6fdb,#00dadf,#bbbbbb,#555555,#ff5555,#7df71d,#ffff55,#62cbe8,#ff9bf5,#00ccd8,#ffffff
niji,#ffffff,#141515,#ffc663,#515151,#141515,#ffc663,#333333,#d23e08,#54ca74,#fff700,#2ab9ff,#ff50da,#1ef9f5,#ddd0c4,#515151,#ffb7b7,#c1ffae,#fcffb8,#8efff3,#ffa2ed,#bcffc7,#ffffff
nocturnal-winter,#e6e5e5,#0d0d17,#000000,#adbdd0,#000000,#e6e5e5,#4d4d4d,#f12d52,#09cd7e,#f5f17a,#3182e0,#ff2b6d,#09c87a,#fcfcfc,#808080,#f16d86,#0ae78d,#fffc67,#6096ff,#ff78a2,#0ae78d,#ffffff
noirblaze,#d5d5d5,#121212,#121212,#b0b0b0,#121212,#ff0088,#121212,#ff0088,#00ff77,#ffffff,#b0b0b0,#7a7a7a,#787878,#d5d5d5,#737373,#fd319e,#fd319e,#fdfdfd,#bebebe,#939393,#919191,#f5f5f5
nord,#d8dee9,#2e3440,#d8dee9,#4c566a,#2e3440,#d8dee9,#3b4252,#bf616a,#a3be8c,#ebcb8b,#81a1c1,#b48ead,#88c0d0,#e5e9f0,#4c566a,#bf616a,#a3be8c,#ebcb8b,#81a1c1,#b48ead,#8fbcbb,#eceff4
nord-light,#414858,#e5e9f0,#4c556a,#d8dee9,#4c556a,#88c0d0,#d8dee9,#bf616a,#a3be8c,#ebcb8b,#81a1c1,#b48ead,#88c0d0,#3b4252,#eceff4,#bf616a,#a3be8c,#ebcb8b,#81a1c1,#b48ead,#8fbcbb,#4c566a
nord-wave,#d8dee9,#212121,#212121,#d8dee9,#212121,#ebcb8b,#3b4252,#bf616a,#a3be8c,#ebcb8b,#81a1c1,#b48ead,#88c0d0,#e5e9f0,#4c566a,#bf616a,#a3be8c,#ebcb8b,#81a1c1,#b48ead,#8fbcbb,#eceff4
nordfox,#cdcecf,#2e3440,#cdcecf,#3e4a5b,#2e3440,#cdcecf,#3b4252,#bf616a,#a3be8c,#ebcb8b,#81a1c1,#b48ead,#88c0d0,#e5e9f0,#465780,#d06f79,#b1d196,#f0d399,#8cafd2,#c895bf,#93ccdc,#e7ecf4
nordiq,#dbdee9,#0e1420,#0e1420,#dbdee9,#eeeeee,#9f515a,#5b6272,#bf616a,#a3be8c,#ebcb8b,#81a1c1,#b48ead,#88c0d0,#e5e9f0,#4c566a,#bf616a,#a3be8c,#ebcb8b,#81a1c1,#b48ead,#8fbcbb,#eceff4
novel,#3b2322,#dfdbc3,#000000,#a4a390,#000000,#73635a,#cccccc,#cc0000,#009600,#d06b00,#0000cc,#cc00cc,#0087cc,#000000,#ffffff,#cc0000,#009600,#d06b00,#0000cc,#cc00cc,#0087cc,#808080
nvim-dark,#e0e2ea,#14161b,#e0e2ea,#4f5258,#14161b,#e0e2ea,#07080d,#ffc0b9,#b3f6c0,#fce094,#a6dbff,#ffcaff,#8cf8f7,#c4c6cd,#2c2e33,#ffc0b9,#b3f6c0,#fce094,#a6dbff,#ffcaff,#8cf8f7,#eef1f8
nvim-light,#14161b,#e0e2ea,#14161b,#9b9ea4,#e0e2ea,#14161b,#eef1f8,#590008,#005523,#6b5300,#004c73,#470045,#007373,#2c2e33,#c4c6cd,#590008,#005523,#6b5300,#004c73,#470045,#007373,#07080d
nvimdark,#e0e2ea,#14161b,#e0e2ea,#4f5258,#14161b,#9b9ea4,#07080d,#ffc0b9,#b3f6c0,#fce094,#a6dbff,#ffcaff,#8cf8f7,#eef1f8,#4f5258,#ffc0b9,#b3f6c0,#fce094,#a6dbff,#ffcaff,#8cf8f7,#eef1f8
nvimlight,#14161b,#e0e2ea,#14161b,#9b9ea4,#14161b,#9b9ea4,#eef1f8,#590008,#005523,#6b5300,#004c73,#470045,#007373,#07080d,#eef1f8,#590008,#005523,#6b5300,#004c73,#470045,#007373,#4f5258
obsidian,#cdcdcd,#283033,#dfe1e2,#3e4c4f,#283033,#c0cad0,#000000,#a60001,#00bb00,#fecd22,#3a9bdb,#bb00bb,#00bbbb,#bbbbbb,#555555,#ff0003,#93c863,#fef874,#a1d7ff,#ff55ff,#55ffff,#ffffff
ocean,#ffffff,#224fbc,#ffffff,#216dff,#ffffff,#7f7f7f,#000000,#990000,#00a600,#999900,#0000b2,#b200b2,#00a6b2,#bfbfbf,#666666,#e50000,#00d900,#e5e500,#0000ff,#e500e5,#00e5e5,#e5e5e5
oceanic-next,#c1c5cd,#1b2b34,#c1c5cd,#515b65,#1b2b34,#c1c5cd,#1b2b34,#db686b,#a2c699,#f2ca73,#7198c8,#bd96c2,#74b1b2,#ffffff,#68737d,#db686b,#a2c699,#f2ca73,#7198c8,#bd96c2,#74b1b2,#ffffff
oceanicmaterial,#c2c8d7,#1c262b,#c2c8d7,#6dc2b8,#1c262b,#b3b8c3,#000000,#ee2b2a,#40a33f,#ffea2e,#1e80f0,#8800a0,#16afca,#a4a4a4,#777777,#dc5c60,#70be71,#fff163,#54a4f3,#aa4dbc,#42c7da,#ffffff
ollie,#8a8dae,#222125,#8a8eac,#1e3a66,#222125,#5b6ea7,#000000,#ac2e31,#31ac61,#ac4300,#2d57ac,#b08528,#1fa6ac,#8a8eac,#5b3725,#ff3d48,#3bff99,#ff5e1e,#4488ff,#ffc21d,#1ffaff,#5b6ea7
onedark,#979eab,#282c34,#282c34,#979eab,#111111,#cccccc,#282c34,#e06c75,#98c379,#e5c07b,#61afef,#be5046,#56b6c2,#979eab,#393e48,#d19a66,#56b6c2,#e5c07b,#61afef,#be5046,#56b6c2,#abb2bf
onehalf-dark,#dcdfe4,#282c34,#000000,#fffacd,#dcdfe4,#a3b3cc,#282c34,#e06c75,#98c379,#e5c07b,#61afef,#c678dd,#56b6c2,#dcdfe4,#5d677a,#e06c75,#98c379,#e5c07b,#61afef,#c678dd,#56b6c2,#dcdfe4
onehalfdark,#dcdfe4,#282c34,#dcdfe4,#474e5d,#282c34,#a3b3cc,#282c34,#e06c75,#98c379,#e5c07b,#61afef,#c678dd,#56b6c2,#dcdfe4,#282c34,#e06c75,#98c379,#e5c07b,#61afef,#c678dd,#56b6c2,#dcdfe4
onehalflight,#383a42,#fafafa,#383a42,#bfceff,#383a42,#bfceff,#fafafa,#e45649,#50a14f,#c18401,#0184bc,#a626a4,#0997b3,#383a42,#ffffff,#e06c75,#98c379,#e5c07b,#61afef,#c678dd,#56b6c2,#4f525e
operator-mono-dark,#c3cac2,#191919,#dde5dc,#19273b,#191919,#fcdc08,#5a5a5a,#ca372d,#4d7b3a,#d4d697,#4387cf,#b86cb4,#72d5c6,#ced4cd,#9a9b99,#c37d62,#83d0a2,#fdfdc5,#89d3f6,#ff2c7a,#82eada,#fdfdf6
overnight-slumber,#ced2d6,#0e1729,#ced2d6,#1f2b41,#0e1729,#ffa7c4,#0a1222,#ffa7c4,#85cc95,#ffcb8b,#8dabe1,#c792eb,#78ccf0,#ffffff,#575656,#ffa7c4,#85cc95,#ffcb8b,#8dabe1,#c792eb,#ffa7c4,#ffffff
oxocarbon,#f2f4f8,#161616,#161616,#393939,#161616,#ffffff,#161616,#3ddbd9,#33b1ff,#ee5396,#42be65,#be95ff,#ff7eb6,#f2f4f8,#585858,#3ddbd9,#33b1ff,#ee5396,#42be65,#be95ff,#ff7eb6,#f2f4f8
palenighthc,#cccccc,#3e4251,#80cbc4,#717cb4,#3e4251,#ffcb6b,#000000,#f07178,#c3e88d,#ffcb6b,#82aaff,#c792ea,#89ddff,#ffffff,#666666,#f6a9ae,#dbf1ba,#ffdfa6,#b4ccff,#ddbdf2,#b8eaff,#999999
panda,#f0f0f0,#1d1e20,#1d1e20,#f0f0f0,#1d1e20,#f0f0f0,#1f1f20,#fb055a,#26ffd4,#26ffd4,#5c9fff,#fc59a6,#26ffd4,#f0f0f0,#5c6370,#fb055a,#26ffd4,#febe7e,#55adff,#fd95d0,#26ffd4,#f0f0f0
pandora,#e1e1e1,#141e43,#82e0ff,#2d37ff,#141e43,#43d58e,#000000,#ff4242,#74af68,#ffad29,#338f86,#9414e6,#23d7d7,#e2e2e2,#3f5648,#ff3242,#74cd68,#ffb929,#23d7d7,#ff37ff,#00ede1,#ffffff
paper-color-dark,#eeeeee,#1c1c1c,#1c1c1c,#af87d7,#1c1c1c,#eeeeee,#1c1c1c,#af005f,#5faf00,#d7af5f,#5fafd7,#808080,#d7875f,#d0d0d0,#5f8787,#5faf5f,#afd700,#af87d7,#ffaf00,#ff5faf,#00afaf,#bcbcbc
paper-color-light,#444444,#eeeeee,#eeeeee,#0087af,#eeeeee,#444444,#eeeeee,#af0000,#008700,#5f8700,#0087af,#878787,#005f87,#764e37,#bcbcbc,#d70000,#d70087,#8700af,#d75f00,#d75f00,#4c7a5d,#005faf
paraiso-dark,#a39e9b,#2f1e2e,#a39e9b,#4f424c,#2f1e2e,#a39e9b,#2f1e2e,#ef6155,#48b685,#fec418,#06b6ef,#815ba4,#5bc4bf,#a39e9b,#776e71,#ef6155,#48b685,#fec418,#06b6ef,#815ba4,#5bc4bf,#e7e9db
paulmillr,#f2f2f2,#000000,#ffffff,#414141,#000000,#4d4d4d,#2a2a2a,#ff0000,#79ff0f,#e7bf00,#396bd7,#b449be,#66ccff,#bbbbbb,#666666,#ff0080,#66ff66,#f3d64e,#709aed,#db67e6,#7adff2,#ffffff
pencildark,#f1f1f1,#212121,#f1f1f1,#b6d6fd,#212121,#20bbfc,#212121,#c30771,#10a778,#a89c14,#008ec4,#523c79,#20a5ba,#d9d9d9,#424242,#fb007a,#5fd7af,#f3e430,#20bbfc,#6855de,#4fb8cc,#f1f1f1
pencillight,#424242,#f1f1f1,#424242,#b6d6fd,#424242,#20bbfc,#d9d9d9,#c30771,#10a778,#a89c14,#008ec4,#523c79,#20a5ba,#212121,#f1f1f1,#fb007a,#5fd7af,#f3e430,#20bbfc,#6855de,#4fb8cc,#424242
peppermint,#c8c8c8,#000000,#000000,#e6e6e6,#000000,#bbbbbb,#353535,#e74669,#89d287,#dab853,#449fd0,#da62dc,#65aaaf,#b4b4b4,#535353,#e4859b,#a3cca2,#e1e487,#6fbce2,#e586e7,#96dcdb,#dfdfdf
piatto-light,#414141,#ffffff,#acbcdc,#706b4e,#ffffff,#5e77c8,#ffffff,#b23771,#66781e,#cd6f34,#3c5ea8,#a454b2,#66781e,#414141,#f2f2f2,#db3365,#829429,#cd6f34,#3c5ea8,#a454b2,#829429,#3f3f3f
pnevma,#d0d0d0,#1c1c1c,#ffffff,#4d4d4d,#1c1c1c,#e4c9af,#2f2e2d,#a36666,#90a57d,#d7af87,#7fa5bd,#c79ec4,#8adbb4,#d0d0d0,#4a4845,#d78787,#afbea2,#e4c9af,#a1bdce,#d7beda,#b1e7dd,#efefef
poimandres,#a6accd,#1b1e28,#a6accd,#28344a,#1b1e28,#ffffff,#1b1e28,#d0679d,#5de4c7,#fffac2,#89ddff,#fcc5e9,#add7ff,#ffffff,#a6accd,#d0679d,#5de4c7,#fffac2,#add7ff,#fae4fc,#89ddff,#ffffff
popping-and-locking,#ebdbb2,#181921,#928374,#ebdbb2,#181921,#c7c7c7,#1d2021,#cc241d,#98971a,#d79921,#458588,#b16286,#689d6a,#a89984,#928374,#f42c3e,#b8bb26,#fabd2f,#99c6ca,#d3869b,#7ec16e,#ebdbb2
primary,#000000,#ffffff,#eeeeee,#656565,#ffffff,#000000,#ffffff,#db4437,#0f9d58,#f4b400,#4285f4,#db4437,#4285f4,#000000,#ffffff,#db4437,#0f9d58,#f4b400,#4285f4,#4285f4,#0f9d58,#000000
pro,#f2f2f2,#000000,#000000,#414141,#000000,#4d4d4d,#000000,#990000,#00a600,#999900,#2009db,#b200b2,#00a6b2,#bfbfbf,#666666,#e50000,#00d900,#e5e500,#0000ff,#e500e5,#00e5e5,#e5e5e5
pro-light,#191919,#ffffff,#191919,#c1ddff,#ffffff,#4d4d4d,#dcdcdc,#e5492b,#50d148,#c6c440,#3b75ff,#ed66e8,#4ed2de,#000000,#f2f2f2,#ff6640,#61ef57,#f2f156,#0082ff,#ff7eff,#61f7f8,#9f9f9f
purple-rain,#fffbf6,#21084a,#ffffff,#287691,#21084a,#ff271d,#000000,#ff260e,#9be205,#ffc400,#00a2fa,#815bb5,#00deef,#ffffff,#565656,#ff4250,#b8e36e,#ffd852,#00a6ff,#ac7bf0,#74fdf3,#ffffff
purplepeter,#ece7fa,#2a1a4a,#271c50,#8689c2,#2a1a4a,#c7c7c7,#0a0520,#ff796d,#99b481,#efdfac,#66d9ef,#e78fcd,#ba8cff,#ffba81,#100b23,#f99f92,#b4be8f,#f2e9bf,#79daed,#ba91d4,#a0a0d6,#b9aed3
rapture,#c0c9e5,#111e2a,#ffffff,#304b66,#111e2a,#ffffff,#000000,#fc644d,#7afde1,#fff09b,#6c9bf5,#ff4fa1,#64e0ff,#c0c9e5,#304b66,#fc644d,#7afde1,#fff09b,#6c9bf5,#ff4fa1,#64e0ff,#ffffff
raycast-dark,#ffffff,#1a1a1a,#000000,#333333,#000000,#cccccc,#000000,#ff5360,#59d499,#ffc531,#56c2ff,#cf2f98,#52eee5,#ffffff,#000000,#ff6363,#59d499,#ffc531,#56c2ff,#cf2f98,#52eee5,#ffffff
raycast-light,#000000,#ffffff,#000000,#e5e5e5,#ffffff,#000000,#ffffff,#b12424,#006b4f,#f8a300,#138af2,#9a1b6e,#3eb8bf,#000000,#ffffff,#b12424,#006b4f,#f8a300,#138af2,#9a1b6e,#3eb8bf,#000000
rebecca,#e8e6ed,#292a44,#f4f2f9,#663399,#292a44,#b89bf9,#12131e,#dd7755,#04dbb5,#f2e7b7,#7aa5ff,#bf9cf9,#56d3c2,#e4e3e9,#666699,#ff92cd,#01eac0,#fffca8,#69c0fa,#c17ff8,#8bfde1,#f4f2f9
red-alert,#ffffff,#762423,#ffffff,#073642,#762423,#ffffff,#000000,#d62e4e,#71be6b,#beb86b,#489bee,#e979d7,#6bbeb8,#d6d6d6,#262626,#e02553,#aff08c,#dfddb7,#65aaf1,#ddb7df,#b7dfdd,#ffffff
red-planet,#c2b790,#222222,#bcb291,#1b324a,#222222,#c2b790,#202020,#8c3432,#728271,#e8bf6a,#69819e,#896492,#5b8390,#b9aa99,#676767,#b55242,#869985,#ebeb91,#60827e,#de4974,#38add8,#d6bfb8
red-sands,#d7c9a7,#7a251e,#000000,#a4a390,#000000,#ffffff,#000000,#ff3f00,#00bb00,#e7b000,#0072ff,#bb00bb,#00bbbb,#bbbbbb,#555555,#bb0000,#00bb00,#e7b000,#0072ae,#ff55ff,#55ffff,#ffffff
relaxed,#d9d9d9,#353a44,#d9d9d9,#6a7985,#353a44,#d9d9d9,#151515,#bc5653,#909d63,#ebc17a,#6a8799,#b06698,#c9dfff,#d9d9d9,#636363,#bc5653,#a0ac77,#ebc17a,#7eaac7,#b06698,#acbbd0,#f7f7f7
retro,#13a10e,#000000,#000000,#ffffff,#000000,#13a10e,#13a10e,#13a10e,#13a10e,#13a10e,#13a10e,#13a10e,#13a10e,#13a10e,#16ba10,#16ba10,#16ba10,#16ba10,#16ba10,#16ba10,#16ba10,#16ba10
retrolegends,#45eb45,#0d0d0d,#f2fff2,#336633,#0d0d0d,#45eb45,#262626,#de5454,#45eb45,#f7bf2b,#4066f2,#bf4cf2,#40d9e6,#bfe6bf,#4c594c,#ff6666,#59ff59,#ffd933,#4c80ff,#e666ff,#59e6ff,#f2fff2
rezza,#cccccc,#191911,#191911,#cccccc,#191911,#cccccc,#222222,#803232,#5b762f,#aa9943,#324c80,#706c9a,#92b19e,#ffffff,#222222,#982b2b,#89b83f,#efef60,#2b4f98,#826ab1,#a1cdcd,#dedede
rippedcasts,#ffffff,#2b2b2b,#f2f2f2,#5a647e,#2b2b2b,#7f7f7f,#000000,#cdaf95,#a8ff60,#bfbb1f,#75a5b0,#ff73fd,#5a647e,#bfbfbf,#666666,#eecbad,#bcee68,#e5e500,#86bdc9,#e500e5,#8c9bc4,#e5e5e5
rose-pine,#e0def4,#191724,#191724,#e0def4,#191724,#e0def4,#26233a,#eb6f92,#9ccfd8,#f6c177,#31748f,#c4a7e7,#ebbcba,#e0def4,#47435d,#ff98ba,#c5f9ff,#ffeb9e,#5b9ab7,#eed0ff,#ffe5e3,#fefcff
rose-pine-dawn,#575279,#faf4ed,#faf4ed,#575279,#faf4ed,#575279,#f2e9e1,#b4637a,#56949f,#ea9d34,#286983,#907aa9,#d7827e,#575279,#fffdf5,#df8aa0,#7ebcc7,#ffc55c,#538faa,#b8a1d2,#ffaaa5,#7c76a0
rose-pine-moon,#e0def4,#232136,#232136,#e0def4,#232136,#e0def4,#393552,#eb6f92,#9ccfd8,#f6c177,#3e8fb0,#c4a7e7,#ea9a97,#e0def4,#5c5776,#ff98ba,#c5f9ff,#ffeb9e,#6ab7d9,#eed0ff,#ffc3bf,#fefcff
rouge-2,#a2a3aa,#17182b,#dfe5ee,#5d5d6b,#17182b,#969e92,#5d5d6b,#c6797e,#969e92,#dbcdab,#6e94b9,#4c4e78,#8ab6c1,#e8e8ea,#616274,#c6797e,#e6dcc4,#e6dcc4,#98b3cd,#8283a1,#abcbd3,#e8e8ea
royal,#514968,#100815,#a593cd,#1f1d2b,#100815,#524966,#241f2b,#91284c,#23801c,#b49d27,#6580b0,#674d96,#8aaabe,#524966,#312d3d,#d5356c,#2cd946,#fde83b,#90baf9,#a479e3,#acd4eb,#9e8cbd
ryuuko,#ececec,#2c3941,#819090,#002831,#2c3941,#ececec,#2c3941,#865f5b,#66907d,#b1a990,#6a8e95,#b18a73,#88b2ac,#ececec,#5d7079,#865f5b,#66907d,#b1a990,#6a8e95,#b18a73,#88b2ac,#ececec
sakura,#dd7bdc,#18131e,#24242e,#c05cbf,#18131e,#ff65fd,#000000,#d52370,#41af1a,#bc7053,#6964ab,#c71fbf,#939393,#998eac,#786d69,#f41d99,#22e529,#f59574,#9892f1,#e90cdd,#eeeeee,#cbb6ff
scarlet-protocol,#e41951,#1c153d,#000000,#c1deff,#000000,#76ff9f,#101116,#ff0051,#00dc84,#faf945,#0271b6,#ca30c7,#00c5c7,#c7c7c7,#686868,#ff6e67,#5ffa68,#fffc67,#6871ff,#bd35ec,#60fdff,#ffffff
seafoam-pastel,#d4e7d4,#243435,#9e8b13,#ffffff,#243435,#57647a,#757575,#825d4d,#728c62,#ada16d,#4d7b82,#8a7267,#729494,#e0e0e0,#8a8a8a,#cf937a,#98d9aa,#fae79d,#7ac3cf,#d6b2a1,#ade0e0,#e0e0e0
seashells,#deb88d,#09141b,#fee4ce,#1e4962,#09141b,#fca02f,#17384c,#d15123,#027c9b,#fca02f,#1e4950,#68d4f1,#50a3b5,#deb88d,#434b53,#d48678,#628d98,#fdd39f,#1bbcdd,#bbe3ee,#87acb4,#fee4ce
selenized-black,#b9b9b9,#181818,#181818,#b9b9b9,#181818,#56d8c9,#252525,#ed4a46,#70b433,#dbb32d,#368aeb,#eb6eb7,#3fc5b7,#777777,#3b3b3b,#ff5e56,#83c746,#efc541,#4f9cfe,#ff81ca,#56d8c9,#dedede
selenized-dark,#adbcbc,#103c48,#103c48,#adbcbc,#103c48,#53d6c7,#184956,#fa5750,#75b938,#dbb32d,#4695f7,#f275be,#41c7b9,#72898f,#2d5b69,#ff665c,#84c747,#ebc13d,#58a3ff,#ff84cd,#53d6c7,#cad8d9
selenized-light,#53676d,#fbf3db,#fbf3db,#53676d,#fbf3db,#00978a,#ece3cc,#d2212d,#489100,#ad8900,#0072d4,#ca4898,#009c8f,#909995,#d5cdb6,#cc1729,#428b00,#a78300,#006dce,#c44392,#00978a,#3a4d53
selenized-white,#474747,#ffffff,#ffffff,#474747,#ffffff,#009a8a,#ebebeb,#d6000c,#1d9700,#c49700,#0064e4,#dd0f9d,#00ad9c,#878787,#cdcdcd,#bf0000,#008400,#af8500,#0054cf,#c7008b,#009a8a,#282828
seoulbones-dark,#dddddd,#4b4b4b,#dddddd,#777777,#4b4b4b,#e2e2e2,#4b4b4b,#e388a3,#98bd99,#ffdf9b,#97bdde,#a5a6c5,#6fbdbe,#dddddd,#6c6465,#eb99b1,#8fcd92,#ffe5b3,#a2c8e9,#b2b3da,#6bcacb,#a8a8a8
seoulbones-light,#555555,#e2e2e2,#555555,#cccccc,#e2e2e2,#555555,#e2e2e2,#dc5284,#628562,#c48562,#0084a3,#896788,#008586,#555555,#bfbabb,#be3c6d,#487249,#a76b48,#006f89,#7f4c7e,#006f70,#777777
seti,#cacecd,#111213,#cacecd,#303233,#111213,#e3bf21,#323232,#c22832,#8ec43d,#e0c64f,#43a5d5,#8b57b5,#8ec43d,#eeeeee,#323232,#c22832,#8ec43d,#e0c64f,#43a5d5,#8b57b5,#8ec43d,#ffffff
shades-of-purple,#ffffff,#1e1d40,#c2c2c2,#b362ff,#1e1d40,#fad000,#000000,#d90429,#3ad900,#ffe700,#6943ff,#ff2c70,#00c5c7,#c7c7c7,#686868,#f92a1c,#43d426,#f1d000,#6871ff,#ff77ff,#79e8fb,#ffffff
shaman,#405555,#001015,#5afad6,#415555,#001015,#4afcd6,#012026,#b2302d,#00a941,#5e8baa,#449a86,#00599d,#5d7e19,#405555,#384451,#ff4242,#2aea5e,#8ed4fd,#61d5ba,#1298ff,#98d028,#58fbd6
slate,#35b1d2,#222222,#2dffc0,#0f3754,#222222,#87d3c4,#222222,#e2a8bf,#81d778,#c4c9c0,#264b49,#a481d3,#15ab9c,#02c5e0,#e0e0e0,#ffcdd9,#beffa8,#d0ccca,#7ab0d2,#c5a7d9,#8cdfe0,#ffffff
sleepyhollow,#af9a91,#121214,#d2c7a9,#575256,#121214,#af9a91,#572100,#ba3934,#91773f,#b55600,#5f63b4,#a17c7b,#8faea9,#af9a91,#4e4b61,#d9443f,#d6b04e,#f66813,#8086ef,#e2c2bb,#a4dce7,#d2c7a9
smyck,#f7f7f7,#1b1b1b,#f7f7f7,#207483,#1b1b1b,#bbbbbb,#000000,#b84131,#7da900,#c4a500,#62a3c4,#ba8acc,#207383,#a1a1a1,#7a7a7a,#d6837c,#c4f137,#fee14d,#8dcff0,#f79aff,#6ad9cf,#f7f7f7
snazzy,#ebece6,#1e1f29,#000000,#81aec6,#000000,#e4e4e4,#000000,#fc4346,#50fb7c,#f0fb8c,#49baff,#fc4cb4,#8be9fe,#ededec,#555555,#fc4346,#50fb7c,#f0fb8c,#49baff,#fc4cb4,#8be9fe,#ededec
snazzy-soft,#eff0eb,#282a36,#000000,#92bcd0,#000000,#eaeaea,#000000,#ff5c57,#5af78e,#f3f99d,#57c7ff,#ff6ac1,#9aedfe,#f1f1f0,#686868,#ff5c57,#5af78e,#f3f99d,#57c7ff,#ff6ac1,#9aedfe,#f1f1f0
softserver,#99a3a2,#242626,#effffe,#7f8786,#242626,#d2e0de,#000000,#a2686a,#9aa56a,#a3906a,#6b8fa3,#6a71a3,#6ba58f,#99a3a2,#666c6c,#dd5c60,#bfdf55,#deb360,#62b1df,#606edf,#64e39c,#d2e0de
solarized-darcula,#d2d8d9,#3d3f41,#d2d8d9,#214283,#3d3f41,#708284,#25292a,#f24840,#629655,#b68800,#2075c7,#797fd4,#15968d,#d2d8d9,#25292a,#f24840,#629655,#b68800,#2075c7,#797fd4,#15968d,#d2d8d9
solarized-dark,#839496,#002b36,#93a1a1,#073642,#002b36,#93a1a1,#073642,#dc322f,#859900,#b58900,#268bd2,#d33682,#2aa198,#eee8d5,#002b36,#cb4b16,#586e75,#657b83,#839496,#6c71c4,#93a1a1,#fdf6e3
solarized-dark-higher-contrast,#9cc2c3,#001e27,#7a8f8e,#003748,#001e27,#f34b00,#002831,#d11c24,#6cbe6c,#a57706,#2176c7,#c61c6f,#259286,#eae3cb,#006488,#f5163b,#51ef84,#b27e28,#178ec8,#e24d8e,#00b39e,#fcf4dc
solarized-dark-normal-brights,#839496,#002b36,#93a1a1,#073642,#002b36,#93a1a1,#073642,#dc322f,#859900,#b58900,#268bd2,#d33682,#2aa198,#eee8d5,#08404f,#e35f5c,#9fb700,#d9a400,#4ba1de,#dc619d,#32c1b6,#ffffff
solarized-dark-patched,#708284,#001e27,#819090,#002831,#001e27,#708284,#002831,#d11c24,#738a05,#a57706,#2176c7,#c61c6f,#259286,#eae3cb,#475b62,#bd3613,#475b62,#536870,#708284,#5956ba,#819090,#fcf4dc
solarized-light,#657b83,#fdf6e3,#fdf6e3,#657b83,#fdf6e3,#586e75,#eee8d5,#dc322f,#859900,#b58900,#268bd2,#d33682,#2aa198,#073642,#cb4b16,#fdf6e3,#93a1a1,#839496,#657b83,#6c71c4,#586e75,#002b36
solarized-osaka-night,#c2caf1,#1a1b25,#c2caf1,#2a3454,#1a1b25,#c2caf1,#15161d,#e77d8f,#a8cd76,#d8b172,#82a1f1,#b69bf1,#90cdfa,#aab1d3,#424866,#e77d8f,#a8cd76,#d8b172,#82a1f1,#b69bf1,#90cdfa,#c2caf1
spacedust,#ecf0c1,#0a1e24,#ffffff,#0a385c,#0a1e24,#708284,#6e5346,#e35b00,#5cab96,#e3cd7b,#0f548b,#e35b00,#06afc7,#f0f1ce,#684c31,#ff8a3a,#aecab8,#ffc878,#67a0ce,#ff8a3a,#83a7b4,#fefff1
spacegray,#b3b8c3,#20242d,#b3b8c3,#16181e,#20242d,#b3b8c3,#000000,#b04b57,#87b379,#e5c179,#7d8fa4,#a47996,#85a7a5,#b3b8c3,#000000,#b04b57,#87b379,#e5c179,#7d8fa4,#a47996,#85a7a5,#ffffff
spacegray-bright,#f3f3f3,#2a2e3a,#000000,#cacaca,#000000,#c6c6c6,#080808,#bc5553,#a0b56c,#f6c987,#7baec1,#b98aae,#85c9b8,#d8d8d8,#626262,#bc5553,#a0b56c,#f6c987,#7baec1,#b98aae,#85c9b8,#f7f7f7
spacegray-eighties,#bdbaae,#222222,#ffffff,#272e35,#222222,#bbbbbb,#15171c,#ec5f67,#81a764,#fec254,#5486c0,#bf83c1,#57c2c1,#efece7,#555555,#ff6973,#93d493,#ffd256,#4d84d1,#ff55ff,#83e9e4,#ffffff
spacegray-eighties-dull,#c9c6bc,#222222,#ffffff,#272e36,#222222,#bbbbbb,#15171c,#b24a56,#92b477,#c6735a,#7c8fa5,#a5789e,#80cdcb,#b3b8c3,#555555,#ec5f67,#89e986,#fec254,#5486c0,#bf83c1,#58c2c1,#ffffff
spiderman,#e3e3e3,#1b1d1e,#f0272d,#070e50,#1b1d1e,#2c3fff,#1b1d1e,#e60813,#e22928,#e24756,#2c3fff,#2435db,#3256ff,#fffef6,#505354,#ff0325,#ff3338,#fe3a35,#1d50ff,#747cff,#6184ff,#fffff9
spring,#4d4d4c,#ffffff,#4d4d4c,#d6d6d6,#ffffff,#4d4d4c,#ffffff,#ff4d83,#1f8c3b,#1fc95b,#1dd3ee,#8959a8,#3e999f,#000000,#ffffff,#ff0021,#1fc231,#d5b807,#15a9fd,#8959a8,#3e999f,#000000
square,#acacab,#1a1a1a,#ffffff,#4d4d4d,#1a1a1a,#fcfbcc,#050505,#e9897c,#b6377d,#ecebbe,#a9cdeb,#75507b,#c9caec,#f2f2f2,#141414,#f99286,#c3f786,#fcfbcc,#b6defb,#ad7fa8,#d7d9fc,#e2e2e2
squirrelsong-dark,#ad9c8b,#352a21,#ad9c8b,#574131,#352a21,#ad9c8b,#352a21,#ac493e,#558240,#ceb250,#5993c2,#7f61b3,#4f9593,#cfbaa5,#6b503c,#ce574a,#719955,#e2c358,#63a2d6,#9672d4,#72aaa8,#edd5be
srcery,#fce8c3,#1c1b19,#93a1a1,#073642,#073642,#93a1a1,#1c1b19,#ef2f27,#519f50,#fbb829,#2c78bf,#e02c6d,#0aaeb3,#baa67f,#918175,#f75341,#98bc37,#fed06e,#68a8e4,#ff5c8f,#2be4d0,#fce8c3
starlight,#ffffff,#242424,#242424,#ffffff,#242424,#ffffff,#242424,#f62b5a,#47b413,#e3c401,#24acd4,#f2affd,#13c299,#e6e6e6,#616161,#ff4d51,#35d450,#e9e836,#5dc5f8,#feabf2,#24dfc4,#ffffff
sublette,#ccced0,#202535,#202535,#ccced0,#202535,#ccced0,#253045,#ee5577,#55ee77,#ffdd88,#5588ff,#ff77cc,#44eeee,#f5f5da,#405570,#ee6655,#99ee77,#ffff77,#77bbff,#aa88ff,#55ffbb,#ffffee
subliminal,#d4d4d4,#282c35,#ffffff,#484e5b,#282c35,#c7c7c7,#7f7f7f,#e15a60,#a9cfa4,#ffe2a9,#6699cc,#f1a5ab,#5fb3b3,#d4d4d4,#7f7f7f,#e15a60,#a9cfa4,#ffe2a9,#6699cc,#f1a5ab,#5fb3b3,#d4d4d4
sugarplum,#db7ddd,#111147,#d0beee,#5ca8dc,#111147,#53b397,#111147,#5ca8dc,#53b397,#249a84,#db7ddd,#d0beee,#f9f3f9,#a175d4,#111147,#5cb5dc,#52deb5,#01f5c7,#fa5dfd,#c6a5fd,#ffffff,#b577fd
sundried,#c9c9c9,#1a1818,#c9c9c9,#302b2a,#1a1818,#ffffff,#302b2a,#a7463d,#587744,#9d602a,#485b98,#864651,#9c814f,#c9c9c9,#4d4e48,#aa000c,#128c21,#fc6a21,#7999f7,#fd8aa1,#fad484,#ffffff
symfonic,#ffffff,#000000,#ffffff,#073642,#000000,#dc322f,#000000,#dc322f,#56db3a,#ff8400,#0084d4,#b729d9,#ccccff,#ffffff,#1b1d21,#dc322f,#56db3a,#ff8400,#0084d4,#b729d9,#ccccff,#ffffff
synthwave,#dad9c7,#000000,#000000,#19cde6,#000000,#19cde6,#000000,#f6188f,#1ebb2b,#fdf834,#2186ec,#f85a21,#12c3e2,#ffffff,#000000,#f841a0,#25c141,#fdf454,#2f9ded,#f97137,#19cde6,#ffffff
synthwave-everything,#f0eff1,#2a2139,#f0eff1,#181521,#2a2139,#72f1b8,#fefefe,#f97e72,#72f1b8,#fede5d,#6d77b3,#c792ea,#f772e0,#fefefe,#fefefe,#f88414,#72f1b8,#fff951,#36f9f6,#e1acff,#f92aad,#fefefe
synthwavealpha,#f2f2e3,#241b30,#f2f2e3,#6e29ad,#241b30,#f2f2e3,#241b30,#e60a70,#00986c,#adad3e,#6e29ad,#b300ad,#00b0b1,#b9b1bc,#7f7094,#e60a70,#0ae4a4,#f9f972,#aa54f9,#ff00f6,#00fbfd,#f2f2e3
tango,#babdb6,#000000,#000000,#babdb6,#000000,#babdb6,#2e3436,#cc0000,#4e9a06,#c4a000,#3465a4,#75507b,#06989a,#d3d7cf,#555753,#ef2929,#8ae234,#fce94f,#729fcf,#ad7fa8,#34e2e2,#eeeeec
tango-adapted,#000000,#ffffff,#000000,#c1deff,#ffffff,#000000,#e6ebe1,#ff0000,#59d600,#f0cb00,#00a2ff,#c17ecc,#00d0d6,#000000,#f6f6f4,#ff0013,#93ff00,#fff121,#88c9ff,#e9a7e1,#00feff,#8f928b
tango-half-adapted,#000000,#ffffff,#000000,#c1deff,#ffffff,#000000,#e0e5db,#ff0000,#4cc300,#e2c000,#008ef6,#a96cb3,#00bdc3,#000000,#f4f4f2,#ff0013,#8af600,#ffec00,#76bfff,#d898d1,#00f6fa,#797d76
teerb,#d0d0d0,#262626,#ffffff,#4d4d4d,#262626,#e4c9af,#1c1c1c,#d68686,#aed686,#d7af87,#86aed6,#d6aed6,#8adbb4,#d0d0d0,#1c1c1c,#d68686,#aed686,#e4c9af,#86aed6,#d6aed6,#b1e7dd,#efefef
tempus-autumn,#a9a2a6,#302420,#a8948a,#36302a,#302420,#a9a2a6,#302420,#f46f55,#85a400,#b09640,#799aca,#df798e,#52a885,#a8948a,#36302a,#e27e3d,#43aa7a,#ba9400,#958fdf,#ce7dc4,#2fa6b7,#a9a2a6
tempus-classic,#aeadaf,#232323,#949d9f,#312e30,#232323,#aeadaf,#232323,#d4823d,#8c9e3d,#b1942b,#6e9cb0,#b58d88,#6da280,#949d9f,#312e30,#d0913d,#96a42d,#a8a030,#8e9cc0,#d58888,#7aa880,#aeadaf
tempus-dawn,#4a4b4e,#eff0f2,#676364,#dee2e0,#eff0f2,#4a4b4e,#dee2e0,#a32a3a,#206620,#745300,#4b529a,#8d377e,#086784,#4a4b4e,#eff0f2,#a64822,#187408,#8b590a,#5c59b2,#8e45a8,#3f649c,#676364
tempus-day,#464340,#f8f2e5,#68607d,#e7e3d7,#f8f2e5,#464340,#e7e3d7,#c81000,#107410,#806000,#385dc4,#b63052,#007070,#464340,#f8f2e5,#b24000,#427040,#6f6600,#0f64c4,#8050a7,#336c87,#68607d
tempus-dusk,#a2a8ba,#1f252d,#a29899,#2c3150,#1f252d,#a2a8ba,#1f252d,#cb8d56,#8ba089,#a79c46,#8c9abe,#b190af,#8e9aba,#a29899,#2c3150,#d39d74,#80b48f,#bda75a,#9ca5de,#c69ac6,#8caeb6,#a2a8ba
tempus-fugit,#4d595f,#fff5f3,#796271,#efe6e4,#fff5f3,#4d595f,#efe6e4,#c61a14,#357200,#825e00,#1666b0,#a83884,#007072,#4d595f,#fff5f3,#b93f1a,#437520,#985900,#485adf,#a234c0,#00756a,#796271
tempus-future,#b4abac,#090a18,#a7a2c4,#2b1329,#090a18,#b4abac,#090a18,#ff7e8f,#6aba39,#bfa51a,#4ab2d7,#e58f84,#2ab7bb,#a7a2c4,#2b1329,#f78e2f,#60ba80,#de9b1d,#8ba7ea,#e08bd6,#2cbab6,#b4abac
tempus-night,#e0e0e0,#1a1a1a,#c4bdaf,#242536,#1a1a1a,#e0e0e0,#1a1a1a,#ff929f,#5fc940,#c5b300,#5fb8ff,#ef91df,#1dc5c3,#c4bdaf,#242536,#f69d6a,#88c400,#d7ae00,#8cb4f0,#de99f0,#00ca9a,#e0e0e0
tempus-past,#53545b,#f3f2f4,#80565d,#eae2de,#f3f2f4,#53545b,#eae2de,#c00c50,#0a7040,#a6403a,#1763aa,#b02874,#096a83,#53545b,#f3f2f4,#bd3133,#337243,#8d554a,#5559bb,#b022a7,#07707a,#80565d
tempus-rift,#bbbcbc,#162c22,#ab9aa9,#283431,#162c22,#bbbcbc,#162c22,#c19904,#34b534,#7fad00,#30aeb0,#c8954c,#5fad8f,#ab9aa9,#283431,#d2a634,#6ac134,#82bd00,#56bdad,#cca0ba,#10c480,#bbbcbc
tempus-spring,#b5b8b7,#283a37,#99afae,#2a453d,#283a37,#b5b8b7,#283a37,#ff8b5f,#5ec04d,#b0b01a,#39bace,#e99399,#36c08e,#99afae,#2a453d,#e19e00,#73be0d,#c6a843,#70afef,#d095e2,#3cbfaf,#b5b8b7
tempus-summer,#a0abae,#202c3d,#949cbf,#39304f,#202c3d,#a0abae,#202c3d,#fe6f70,#4eb075,#ba9a0a,#60a1e6,#d285ad,#3dae9f,#949cbf,#39304f,#ec7f4f,#5baf4f,#be981f,#8599ef,#cc82d7,#2aacbf,#a0abae
tempus-tempest,#b6e0ca,#282b2b,#b0c8ca,#323535,#282b2b,#b6e0ca,#282b2b,#cfc80a,#7ad97a,#bfcc4a,#60d7cd,#c5c4af,#8bd0bf,#b0c8ca,#323535,#d1d933,#99e299,#bbde4f,#74e4cd,#d2d4aa,#9bdfc4,#b6e0ca
tempus-totus,#4a484d,#ffffff,#5e4b4f,#efefef,#ffffff,#4a484d,#efefef,#a50000,#005d26,#714700,#1d3ccf,#88267a,#185570,#4a484d,#ffffff,#992030,#4a5500,#8a3600,#2d45b0,#700dc9,#005289,#5e4b4f
tempus-warp,#a29fa0,#001514,#968282,#261c2c,#001514,#a29fa0,#001514,#ff3737,#169c16,#9f8500,#5781ef,#da4ebf,#009880,#968282,#261c2c,#f0681a,#3aa73a,#ba8a00,#8887f0,#d85cf2,#1da1af,#a29fa0
tempus-winter,#8da3b8,#202427,#91959b,#2a2e38,#202427,#8da3b8,#202427,#ed6e5a,#4aa920,#9a9921,#7b91df,#d17e80,#4fa394,#91959b,#2a2e38,#de7b28,#00ab5f,#af9155,#329fcb,#ca77c5,#1ba6a4,#8da3b8
terafox,#e6eaea,#152528,#e6eaea,#293e40,#152528,#e6eaea,#2f3239,#e85c51,#7aa4a1,#fda47f,#5a93aa,#ad5c7c,#a1cdd8,#ebebeb,#4e5157,#eb746b,#8eb2af,#fdb292,#73a3b7,#b97490,#afd4de,#eeeeee
terminal-basic,#000000,#ffffff,#000000,#a4c9ff,#000000,#7f7f7f,#bfbfbf,#990000,#00a600,#999900,#0000b2,#b200b2,#00a6b2,#000000,#e5e5e5,#e50000,#00d900,#e5e500,#0000ff,#e500e5,#00e5e5,#666666
thayer-bright,#f8f8f8,#1b1d1e,#ffffff,#4d4d4d,#1b1d1e,#fc971f,#1b1d1e,#f92672,#4df840,#f4fd22,#2757d6,#8c54fe,#38c8b5,#ccccc6,#505354,#ff5995,#b6e354,#feed6c,#3f78ff,#9e6ffe,#23cfd5,#f8f8f2
the-hulk,#b5b5b5,#1b1d1e,#0b6309,#4d504c,#1b1d1e,#16b61b,#1b1d1e,#269d1b,#13ce30,#63e457,#2525f5,#641f74,#378ca9,#d9d8d1,#505354,#8dff2a,#48ff77,#3afe16,#506b95,#72589d,#4085a6,#e5e6e1
tinacious-design-dark,#cbcbf0,#1d1d26,#ffffff,#ff3399,#1d1d26,#cbcbf0,#1d1d26,#ff3399,#00d364,#ffcc66,#00cbff,#cc66ff,#00ceca,#cbcbf0,#636667,#ff2f92,#00d364,#ffd479,#00cbff,#d783ff,#00d5d4,#d5d6f3
tinacious-design-light,#1d1d26,#f8f8ff,#ffffff,#ff3399,#ffffff,#cbcbf0,#cbcbf0,#ff3399,#00d364,#ffcc66,#00cbff,#cc66ff,#00ceca,#1d1d26,#d5d6f3,#ff2f92,#00d364,#ffd479,#00cbff,#d783ff,#00d5d4,#636667
tokyonight,#c0caf5,#1a1b26,#c0caf5,#33467c,#1a1b26,#c0caf5,#15161e,#f7768e,#9ece6a,#e0af68,#7aa2f7,#bb9af7,#7dcfff,#a9b1d6,#414868,#f7768e,#9ece6a,#e0af68,#7aa2f7,#bb9af7,#7dcfff,#c0caf5
tokyonight-day,#3760bf,#e1e2e7,#3760bf,#99a7df,#e1e2e7,#3760bf,#e9e9ed,#f52a65,#587539,#8c6c3e,#2e7de9,#9854f1,#007197,#6172b0,#a1a6c5,#f52a65,#587539,#8c6c3e,#2e7de9,#9854f1,#007197,#3760bf
tokyonight-light,#343b58,#d6d8df,#d6d8df,#343b58,#d6d8df,#343b58,#707280,#8c4351,#33635c,#8f5e15,#2959aa,#7b43ba,#006c86,#343b58,#707280,#8c4351,#33635c,#8f5e15,#2959aa,#7b43ba,#006c86,#343b58
tokyonight-moon,#c8d3f5,#222436,#c8d3f5,#2d3f76,#222436,#c8d3f5,#1b1d2b,#ff757f,#c3e88d,#ffc777,#82aaff,#c099ff,#86e1fc,#828bb8,#444a73,#ff757f,#c3e88d,#ffc777,#82aaff,#c099ff,#86e1fc,#c8d3f5
tokyonight-night,#c0caf5,#1a1b26,#1a1b26,#c0caf5,#1a1b26,#c0caf5,#15161e,#f7768e,#9ece6a,#e0af68,#7aa2f7,#bb9af7,#7dcfff,#a9b1d6,#414868,#f7768e,#9ece6a,#e0af68,#7aa2f7,#bb9af7,#7dcfff,#c0caf5
tokyonight-storm,#c0caf5,#24283b,#24283b,#c0caf5,#24283b,#c0caf5,#1d202f,#f7768e,#9ece6a,#e0af68,#7aa2f7,#bb9af7,#7dcfff,#a9b1d6,#414868,#f7768e,#9ece6a,#e0af68,#7aa2f7,#bb9af7,#7dcfff,#c0caf5
tomorrow,#4d4d4c,#ffffff,#4d4d4c,#d6d6d6,#ffffff,#4d4d4c,#ffffff,#c82829,#718c00,#eab700,#4271ae,#8959a8,#3e999f,#000000,#ffffff,#c82829,#718c00,#eab700,#4271ae,#8959a8,#3e999f,#000000
tomorrow-night,#c5c8c6,#1d1f21,#c5c8c6,#373b41,#1d1f21,#c5c8c6,#000000,#cc6666,#b5bd68,#f0c674,#81a2be,#b294bb,#8abeb7,#ffffff,#000000,#cc6666,#b5bd68,#f0c674,#81a2be,#b294bb,#8abeb7,#ffffff
tomorrow-night-blue,#ffffff,#002451,#ffffff,#003f8e,#002451,#ffffff,#000000,#ff9da4,#d1f1a9,#ffeead,#bbdaff,#ebbbff,#99ffff,#ffffff,#000000,#ff9da4,#d1f1a9,#ffeead,#bbdaff,#ebbbff,#99ffff,#ffffff
tomorrow-night-bright,#eaeaea,#000000,#eaeaea,#424242,#000000,#eaeaea,#000000,#d54e53,#b9ca4a,#e7c547,#7aa6da,#c397d8,#70c0b1,#ffffff,#000000,#d54e53,#b9ca4a,#e7c547,#7aa6da,#c397d8,#70c0b1,#ffffff
tomorrow-night-burns,#a1b0b8,#151515,#2a2d32,#b0bec5,#151515,#ff443e,#252525,#832e31,#a63c40,#d3494e,#fc595f,#df9395,#ba8586,#f5f5f5,#5d6f71,#832e31,#a63c40,#d2494e,#fc595f,#df9395,#ba8586,#f5f5f5
tomorrow-night-eighties,#cccccc,#2d2d2d,#cccccc,#515151,#2d2d2d,#cccccc,#000000,#f2777a,#99cc99,#ffcc66,#6699cc,#cc99cc,#66cccc,#ffffff,#000000,#f2777a,#99cc99,#ffcc66,#6699cc,#cc99cc,#66cccc,#ffffff
toychest,#31d07b,#24364b,#d5d5d5,#5f217a,#24364b,#d5d5d5,#2c3f58,#be2d26,#1a9172,#db8e27,#325d96,#8a5edc,#35a08f,#23d183,#336889,#dd5944,#31d07b,#e7d84b,#34a6da,#ae6bdc,#42c3ae,#d5d5d5
treehouse,#786b53,#191919,#fac800,#786b53,#191919,#fac814,#321300,#b2270e,#44a900,#aa820c,#58859a,#97363d,#b25a1e,#786b53,#433626,#ed5d20,#55f238,#f2b732,#85cfed,#e14c5a,#f07d14,#ffc800
twilight,#ffffd4,#141414,#ffffd4,#313131,#141414,#ffffff,#141414,#c06d44,#afb97a,#c2a86c,#44474a,#b4be7c,#778385,#ffffd4,#262626,#de7c4c,#ccd88c,#e2c47e,#5a5e62,#d0dc8e,#8a989b,#ffffd4
ubuntu,#eeeeec,#300a24,#000000,#b5d5ff,#000000,#bbbbbb,#2e3436,#cc0000,#4e9a06,#c4a000,#3465a4,#75507b,#06989a,#d3d7cf,#555753,#ef2929,#8ae234,#fce94f,#729fcf,#ad7fa8,#34e2e2,#eeeeec
ultradark,#ffffff,#000000,#cccccc,#222222,#000000,#fefefe,#000000,#f07178,#c3e88d,#ffcb6b,#82aaff,#c792ea,#89ddff,#cccccc,#333333,#f6a9ae,#dbf1ba,#ffdfa6,#b4ccff,#ddbdf2,#b8eaff,#ffffff
ultraviolent,#c1c1c1,#242728,#c3c7cb,#574c49,#242728,#c1c1c1,#242728,#ff0090,#b6ff00,#fff727,#47e0fb,#d731ff,#0effbb,#e1e1e1,#636667,#fb58b4,#deff8c,#ebe087,#7fecff,#e681ff,#69fcd3,#f9f9f5
underthesea,#ffffff,#011116,#4dffda,#415555,#011116,#4afcd6,#022026,#b2302d,#00a941,#59819c,#459a86,#00599d,#5d7e19,#405555,#384451,#ff4242,#2aea5e,#8ed4fd,#61d5ba,#1298ff,#98d028,#58fbd6
unikitty,#0b0b0b,#ff8cd9,#ffffff,#3ea9fe,#ff8cd9,#bafc8b,#e2d7e1,#a80f20,#bafc8b,#eedf4b,#145fcd,#ff36a2,#6bd1bc,#0c0c0c,#fff3fe,#d91329,#d3ffaf,#ffef50,#0075ea,#fdd5e5,#79ecd5,#434343
urple,#877a9b,#1b1b23,#1b1b22,#a063eb,#1b1b22,#a063eb,#000000,#b0425b,#37a415,#ad5c42,#564d9b,#6c3ca1,#808080,#87799c,#5d3225,#ff6388,#29e620,#f08161,#867aed,#a05eee,#eaeaea,#bfa3ff
vaughn,#dcdccc,#25234f,#000000,#b5d5ff,#000000,#ff5555,#25234f,#705050,#60b48a,#dfaf8f,#5555ff,#f08cc3,#8cd0d3,#709080,#709080,#dca3a3,#60b48a,#f0dfaf,#5555ff,#ec93d3,#93e0e3,#ffffff
vesper,#ffffff,#101010,#acb1ab,#988049,#101010,#acb1ab,#101010,#f5a191,#90b99f,#e6b99d,#aca1cf,#e29eca,#ea83a5,#a0a0a0,#7e7e7e,#ff8080,#99ffe4,#ffc799,#b9aeda,#ecaad6,#f591b2,#ffffff
vibrantink,#ffffff,#000000,#000000,#b5d5ff,#000000,#ffffff,#878787,#ff6600,#ccff04,#ffcc00,#44b4cc,#9933cc,#44b4cc,#f5f5f5,#555555,#ff0000,#00ff00,#ffff00,#0000ff,#ff00ff,#00ffff,#e5e5e5
vimbones,#353535,#f0f0ca,#353535,#d7d7d7,#f0f0ca,#353535,#f0f0ca,#a8334c,#4f6c31,#944927,#286486,#88507d,#3b8992,#353535,#c6c6a3,#94253e,#3f5a22,#803d1c,#1d5573,#7b3b70,#2b747c,#5c5c5c
violet-dark,#708284,#1c1d1f,#1c1d1f,#595ab7,#1c1d1f,#708284,#56595c,#c94c22,#85981c,#b4881d,#2e8bce,#d13a82,#32a198,#c9c6bd,#45484b,#bd3613,#738a04,#a57705,#2176c7,#c61c6f,#259286,#c9c6bd
violet-light,#536870,#fcf4dc,#fcf4dc,#595ab7,#fcf4dc,#536870,#d3d0c9,#c94c22,#85981c,#b4881d,#2e8bce,#d13a82,#32a198,#56595c,#c9c6bd,#bd3613,#738a04,#a57705,#2176c7,#c61c6f,#259286,#45484b
visibone,#ffffff,#010101,#010101,#ffffff,#010101,#ffffff,#666666,#cc6666,#66cc99,#cc9966,#6699cc,#cc6699,#66cccc,#cccccc,#999999,#ff9999,#99ffcc,#ffcc99,#99ccff,#ff99cc,#99ffff,#ffffff
warmneon,#afdab6,#404040,#ffffff,#b0ad21,#404040,#30ff24,#000000,#e24346,#39b13a,#dae145,#4261c5,#f920fb,#2abbd4,#d0b8a3,#d8c8bb,#e97071,#9cc090,#ddda7a,#7b91d6,#f674ba,#5ed1e5,#fefcfc
wez,#b3b3b3,#000000,#000000,#4d52f8,#000000,#53ae71,#000000,#cc5555,#55cc55,#cdcd55,#5555cc,#cc55cc,#7acaca,#cccccc,#555555,#ff5555,#55ff55,#ffff55,#5555ff,#ff55ff,#55ffff,#ffffff
whimsy,#b3b0d6,#29283b,#ffffff,#3d3c58,#29283b,#b3b0d6,#535178,#ef6487,#5eca89,#fdd877,#65aef7,#aa7ff0,#43c1be,#ffffff,#535178,#ef6487,#5eca89,#fdd877,#65aef7,#aa7ff0,#43c1be,#ffffff
wildcherry,#dafaff,#1f1726,#e4ffff,#002831,#e4ffff,#dd00ff,#000507,#d94085,#2ab250,#ffd16f,#883cdc,#ececec,#c1b8b7,#fff8de,#009cc9,#da6bac,#f4dca5,#eac066,#308cba,#ae636b,#ff919d,#e4838d
wilmersdorf,#c6c6c6,#282b33,#c6c6c6,#1f2024,#282b33,#7ebebd,#34373e,#e06383,#7ebebd,#cccccc,#a6c1e0,#e1c1ee,#5b94ab,#ababab,#434750,#fa7193,#8fd7d6,#d1dfff,#b2cff0,#efccfd,#69abc5,#d3d3d3
wombat,#dedacf,#171717,#b6bbc0,#453b39,#171717,#bbbbbb,#000000,#ff615a,#b1e969,#ebd99c,#5da9f6,#e86aff,#82fff7,#dedacf,#313131,#f58c80,#ddf88f,#eee5b2,#a5c7ff,#ddaaff,#b7fff9,#ffffff
wryan,#999993,#101010,#ffffff,#4d4d4d,#101010,#9e9ecb,#333333,#8c4665,#287373,#7c7c99,#395573,#5e468c,#31658c,#899ca1,#3d3d3d,#bf4d80,#53a6a6,#9e9ecb,#477ab3,#7e62b3,#6096bf,#c0c0c0
xcodedark,#dfdfe0,#292a30,#dfdfe0,#414453,#292a30,#dfdfe0,#414453,#ff8170,#78c2b3,#d9c97c,#4eb0cc,#ff7ab2,#b281eb,#dfdfe0,#7f8c98,#ff8170,#acf2e4,#ffa14f,#6bdfff,#ff7ab2,#dabaff,#dfdfe0
xcodedarkhc,#ffffff,#1f1f24,#ffffff,#43454b,#1f1f24,#ffffff,#43454b,#ff8a7a,#83c9bc,#d9c668,#4ec4e6,#ff85b8,#cda1ff,#ffffff,#838991,#ff8a7a,#b1faeb,#ffa14f,#6bdfff,#ff85b8,#e5cfff,#ffffff
xcodelight,#262626,#ffffff,#262626,#b4d8fd,#ffffff,#262626,#b4d8fd,#d12f1b,#3e8087,#78492a,#0f68a0,#ad3da4,#804fb8,#262626,#8a99a6,#d12f1b,#23575c,#78492a,#0b4f79,#ad3da4,#4b21b0,#262626
xcodelighthc,#000000,#ffffff,#000000,#b4d8fd,#ffffff,#000000,#b4d8fd,#ad1805,#355d61,#78492a,#0058a1,#9c2191,#703daa,#000000,#8a99a6,#ad1805,#174145,#78492a,#003f73,#9c2191,#441ea1,#000000
xcodewwdc,#e7e8eb,#292c36,#e7e8eb,#494d5c,#292c36,#e7e8eb,#494d5c,#bb383a,#94c66e,#d28e5d,#8884c5,#b73999,#00aba4,#e7e8eb,#7f869e,#bb383a,#94c66e,#d28e5d,#8884c5,#b73999,#00aba4,#e7e8eb
xterm,#e5e5e5,#000000,#000000,#e5e5e5,#000000,#e5e5e5,#000000,#cd0000,#00cd00,#cdcd00,#0000ee,#cd00cd,#00cdcd,#e5e5e5,#7f7f7f,#ff0000,#00ff00,#ffff00,#5c5cff,#ff00ff,#00ffff,#ffffff
zenbones,#2c363c,#f0edec,#2c363c,#cbd9e3,#f0edec,#2c363c,#f0edec,#a8334c,#4f6c31,#944927,#286486,#88507d,#3b8992,#2c363c,#cfc1ba,#94253e,#3f5a22,#803d1c,#1d5573,#7b3b70,#2b747c,#4f5e68
zenbones-dark,#b4bdc3,#1c1917,#b4bdc3,#3d4042,#1c1917,#c4cacf,#1c1917,#de6e7c,#819b69,#b77e64,#6099c0,#b279a7,#66a5ad,#b4bdc3,#403833,#e8838f,#8bae68,#d68c67,#61abda,#cf86c1,#65b8c1,#888f94
zenbones-light,#2c363c,#f0edec,#2c363c,#cbd9e3,#f0edec,#2c363c,#f0edec,#a8334c,#4f6c31,#944927,#286486,#88507d,#3b8992,#2c363c,#cfc1ba,#94253e,#3f5a22,#803d1c,#1d5573,#7b3b70,#2b747c,#4f5e68
zenburn,#dcdccc,#111111,#111111,#dcdccc,#111111,#dcdccc,#222222,#cc9393,#7f9f7f,#d0bf8f,#6ca0a3,#dc8cc3,#93e0e3,#dcdccc,#666666,#dca3a3,#bfebbf,#f0dfaf,#8cd0d3,#fcace3,#b3ffff,#ffffff
zenburned,#f0e4cf,#404040,#f0e4cf,#746956,#404040,#f3eadb,#404040,#e3716e,#819b69,#b77e64,#6099c0,#b279a7,#66a5ad,#f0e4cf,#625a5b,#ec8685,#8bae68,#d68c67,#61abda,#cf86c1,#65b8c1,#c0ab86
zenwritten-dark,#bbbbbb,#191919,#bbbbbb,#404040,#191919,#c9c9c9,#191919,#de6e7c,#819b69,#b77e64,#6099c0,#b279a7,#66a5ad,#bbbbbb,#3d3839,#e8838f,#8bae68,#d68c67,#61abda,#cf86c1,#65b8c1,#8e8e8e
zenwritten-light,#353535,#eeeeee,#353535,#d7d7d7,#eeeeee,#353535,#eeeeee,#a8334c,#4f6c31,#944927,#286486,#88507d,#3b8992,#353535,#c6c3c3,#94253e,#3f5a22,#803d1c,#1d5573,#7b3b70,#2b747c,#5c5c5c
